EmployeeHash,Section,JobTitle,HireDate,TerminationDate,TerminationReason
af11b8bb9e551cdc4dbc20acddb6b75e45446524461106343593a0c6cf0bf25c,Production,Assistant,2021-02-05,,
5268d4ecb071dbbac784e98afd7f05a59d8d65d061b3e1c98a210ba5d7b30241,Quality,Assistant,2021-02-08,,
b7d930b6a5cd1e5563123adeb9576acd2a84c4458d7514a1a133c658e6d21848,Quality,Assistant,2021-03-04,2024-10-01,Layoff
46b06f420dcd4fb3461f5a713e68237ec271e476c7125612f7975ac3b06737e2,Maintenance,Technician,2021-03-26,,
7762479100ec94854d8c832a794c6bf25d93097f8c58d4c50d801bea2620d371,Production,Assistant,2021-03-29,,
a9d39bbc625d01695491527c93eb3da2828105a07e24ce738fd1d285e632c67e,Quality,Assistant,2021-04-11,,
d2d25a00bac4a522e16bc2e15842e54246d3ff415e6aa98146343e21d92c0980,Quality,Assistant,2021-04-23,2024-06-12,Layoff
6afc1af7707c09980ebeb13f05714ae5349f4bb55b7e518ab9b25c0ed113d213,Quality,Assistant,2021-05-05,,
fa508af7f9520a68f80010c902cf0bfeec884bedf55c3dac33d041d48295725e,Production,Assistant,2021-05-10,,
6900a30344b70d9ce4f4bac1f640532b0c843540ec73860bfa0a6a0f91a914ff,Production,Operator,2021-05-10,,
f79d8efd3b38e94288afc3d2c7dd60b35725d2e98366308107842936522c4af4,Quality,Assistant,2021-05-14,,
1b1e52a6f6fea5037fd973a6316dcf94d57c50b54db4b997caea5e70a7a209ab,Maintenance,Technician,2021-05-28,,
19fc60883406abb6541556149bce8221708aabfa2e35cea2ac450cd13a7ce495,Quality,Assistant,2021-06-04,,
2bc4cfc3c916773816a326d2dcb3dde85368f12c112e74ad2d59a5bb426c6f75,Logistics,Assistant,2021-06-14,,
b59fc1a875ee9f847e9b94d8aa8d154cb45fc1deb9edc5575348c9df5db8924b,Research and Development (R&D),Specialist,2021-06-24,,
17402d8132d6390ec97c49e0f2994bc3198c7c33223a1587a0d7780ed877ed65,Quality,Assistant,2021-07-03,,
4382a4c46cd37508264e588950cc397256d032c86f6753964d0764a8f9f6b870,Sales,Salesperson,2021-07-09,,
fdd87a00cffcd14026dbed59d340f62e3400b21f310b6beb947b6ed00751edd2,Quality,Assistant,2021-07-10,2024-09-16,Resignation 
3b0a5716a16a992a5722b1fd56bb31ae6d8c3aa231395f48f040da9c2943f5e6,Quality,Assistant,2021-07-14,,
e08edec470e67cf8d1a5a5722f5ee38eca18d0a41ba5dd61ddd50d76c7f2df4e,Maintenance,Technician,2021-07-24,,
979780138e960c7c38c51c40214da1a543269ce520e1280789367c27f83359ca,Production,Assistant,2021-08-03,,
25c36f4a8651c129d883c2359746d3dadddbf2c2e32b814cd921b2aefe21e838,Information Technology (IT),Analyst,2021-08-30,,
da96c2d2595fbed0cb937b9f92c8bafd349dfc6b2f0c85bd2dd3151eea243f26,Quality,Assistant,2021-09-05,,
b4b43aaa6a21d0c5786d4adceeec6a5a29bfeee877c53d1c0feda1aa5b4b830d,Production,Operator,2021-09-06,,
18f90afb0c8f0d66ddfc28ee3ddfd3dae7f37ef43c759401940172c01e8f44e6,Administration,Analyst,2021-09-07,,
1213f40e2cf48fd7cfbddbaafbec82bc2e76a59488398c36493119661aab981b,Production,Assistant,2021-09-14,,
31734e656a7de1c27f91a86c089a03b71eaf334c710e3b57c10e03c2ae2a11a9,Logistics,Assistant,2021-10-18,,
9928c833d2339f7290d4c55f6e0670aa385f2ce90091a019f1ba40a0c91d2bbd,Production,Assistant,2021-11-08,,
355e5612c0ea8b73cf8a96c1a8fe9559da86d06470178551f5a961a95ae7fd23,Production,Assistant,2021-11-25,,
9396b09fdb6626fab10b7acca0ceef08e8fc38fa42a034fcf8edfb87f758e4ce,Logistics,Operator,2021-12-04,,
49b315a53efcb558632ddf199efc37c17b1bf8c23f811857021b56a98fe9f1b2,Production,Assistant,2021-12-19,,
0f8abf96125c4bf926c02ec5f49c1ec21bd365ea8217bf58edfd98308a03061f,Logistics,Operator,2021-12-30,,
57be7820ce4b54820a0c0c7e1683eba8693271c3d1125fd0f0ce264286cb00fe,Production,Assistant,2022-01-08,,
e07e57eac97410e0949c551a7f85c5047051942fb65ba243253dcc2d0567dd2c,Production,Operator,2022-01-10,,
99e882f0563cb10f47bc539b4e9d06d27e8f082db567969eb561cb4c2651a5cc,Production,Assistant,2022-02-05,,
9a6eaddb10f3656114ce99cbc00f37fd68ed5abaf843f3a7190dda8c9e54bafe,Logistics,Assistant,2022-02-07,,
0f74a7f0924cc7b1d5a4e6c6728bef2681ed21b767043ee6aa46d33b481667a3,Maintenance,Leader,2022-02-11,,
411463972a5dabc5b8bb978eca7abf4e5c676e2efb737a0ff59899b5f4bc7db4,Sales,Salesperson,2022-02-20,,
2e2bb7e37610960f3d50819b593afb875ff541b04f787fe0ead0788fc9f96fa7,Production,Assistant,2022-02-23,,
14f62d7f131d3b2a25480ce2cc44613a35e874a52351bae8019532086f3eba02,Production,Leader,2022-03-02,,
287616e120129e6823e213089e2d1d45f9daad60902e7650ba280f3fa349e058,Sales,Salesperson,2022-03-07,,
118274a3465596276c7c893988438ad10ad658c142218ecc37bb66e3b1e5b324,Logistics,Assistant,2022-03-23,,
df0e8e3c0530e4a843d340f5ad0299e827cf5ea5fb28427e6212ecc55cd40ad2,Production,Supervisor,2022-04-05,,
1c7955d99de27cb959ba5736497c5a9b9e5050dc5ae7c078673778f60d4830f7,Logistics,Operator,2022-04-13,,
9ffe41c8108bb09de9a7a7369219d38856243f1875f9751fefc225c7a2f60319,Production,Assistant,2022-04-17,,
4bf0499eed1e8ca3240c5d87d824a4ed096d667d92249a7f43064305810f9d40,Logistics,Assistant,2022-04-19,,
43a89206c0e50f3263aa21163c5f66a59ac340aeb0e591036d4e0dac419f2265,Logistics,Operator,2022-04-26,,
11ca5ed68d41a24c420c7de6b5f98d513e5e15537267bb61f8da34966803b849,Production,Assistant,2022-04-30,,
98c31f962a65cd2af59de2b399138c27ed32f015f89c94301cfd520e0745ce61,Production,Assistant,2022-05-06,,
17bcdd5d180f19c1032bdea01aa29b993d0a391498aa615face00795c78002c3,Production,Assistant,2022-05-15,,
ab0b04ab9ca1de89ec7514c91ff91ccdff6317947614c48e96076481e86214d9,Production,Assistant,2022-06-04,,
ac967a311ed7a412a9ed1f462f5890197c710f8240bb6e842ee64afb3e7356d6,Production,Assistant,2022-06-07,,
7ac11f74f4c69af21ba46b0c3df971cb931c7cb93e46bd52091f8078f33d790c,Production,Assistant,2022-06-11,,
14f9eb949f2e9232430e4f7fe5c343d112968f5466a880889ced0ecc34c1a3b9,Maintenance,Technician,2022-06-11,,
6318bb909389aab3f4b402b1946cc96cffde65abd3c35f9fa32a2f0aa6dd0bc5,Logistics,Assistant,2022-06-15,,
4558c2a20b060567ec096b4ad64066b113ee8c0f166528823d8908bf77c699fa,Logistics,Operator,2022-06-18,2024-07-20,Resignation 
ae382b3ebce10709917dcecfc724d683aa071a26b8652c7a503aa2504f02bc18,Production,Assistant,2022-06-19,2022-10-29,Resignation 
ecdcd2b019adb7f17a6dc464b507d0174ebe7a2802ec0638dbae66e408a20698,Production,Assistant,2022-06-21,,
1959ef5bdbb7f814c3ddd1f51f6723811131fa30b03a896b36f615977ba4b88e,Production,Assistant,2022-06-25,,
9d111efc3f2291d972f7e108224a6dc79000b9c7855ba8563f4b19ac7941a7c0,Information Technology (IT),Analyst,2022-06-30,,
91503daef82cf6cf546bf2ac1ed3b3da75189ead99cf7e0d9221f74be2547bba,Sales,Assistant,2022-07-01,,
f2a6170e09040daf025a437de27057b90376df5f13f03886b1614e0839f2aa7e,Production,Assistant,2022-07-15,,
110a0f859500a974f45924b591658056b37c5f8ec72f3f17f4459dc5af681a45,Quality,Assistant,2022-07-15,,
91d2242d4dc29d84d37cad1b97b39be8ba1f213818312b9f95d7ebd1c735495f,Logistics,Assistant,2022-07-20,,
2ab66c979d2b9d22c8c240a85b70e15848d0118121f6e1ad7ca9705ca76ba36d,Quality,Assistant,2022-07-20,,
d18f40d56bb4b60f552426a15782348ab4f603a7561a6dd78423505569248f4b,Production,Assistant,2022-07-24,,
5cef1edd6e9fbae592457339bf408ea5514060b46bfce6cd5944b06158b8281d,Production,Assistant,2022-07-26,,
d00987590321b8dd5fb36a6116a25e873433aacae3536d8390ddd9472698b098,Production,Operator,2022-07-28,,
e9158709c955bdeec7e3ae6fc0bd62dcd35615e08a4a84f5332c00038c7d8061,Administration,Analyst,2022-07-29,,
ef15fc2f2105ba7c44a862af568354e53424bd1ef8677b59f6871050e4c874da,Facilities,Technician,2022-07-30,,
b616ef7448bc2e6a9e6dbf4f51037b747fabc7d53026a46d5b73c8993c7a7494,Production,Foreman,2022-07-30,,
b92086764b4b70c474245ea265c0719c2445e0b74282c6f00812d191a345307c,Production,Operator,2022-07-30,,
d04dd2d87377bcf4f98cf5339d1c0fdd2772d25cec1351c486f13ea87fcd36e6,Production,Assistant,2022-08-03,,
1bad0938984ea9369d1b37d0a5acfb65b904edf4213bc1605acefc9db830253e,Logistics,Assistant,2022-08-06,,
76584154aa438fbbaebc04123fdf35841423a4045f3f8cd58793c212b92a73fd,Production,Assistant,2022-08-08,,
eb624102a20f7adc9137a7b6783df9faae718ec42f4439578266a842b6bcfb19,Production,Assistant,2022-08-08,,
d2d98cf2c55f0fa59fddcdafa8ce9b7a084a96f7c13fbde7c1a9eaa2bcd79188,Production,Assistant,2022-08-11,,
7806cdaf78abb5a1645fca9816a87702c4d3da0a62a60b2f0eed90596a7defdc,Production,Assistant,2022-08-12,,
d04b8880f8ada58824d052355c7d5d58fc774dc4151ebec5aeec1ec872b9e83b,Production,Assistant,2022-08-20,,
ddac032aeba21970f7fd47eff52b376a7d172f19a52548849d4c08c09971b7ed,Production,Operator,2022-08-20,,
a263d510125770dcaaf324b55fdfc15d0e6161c6ba4037946253f2cd5ff08394,Sales,Salesperson,2022-08-22,,
3cc34ce14a07b31cf90dce7576f05ff832d250c99078a6435ff9bebd2b6f5497,Logistics,Operator,2022-08-30,2024-11-03,Layoff
527bd8d40f9e7797854a6e40ab8d2d094bae8b79dffce942d042733f29ed2d18,Production,Assistant,2022-08-30,2024-07-24,Layoff
39f51e8dd9b2bd1348fae3bf0336534f3160accb7cbee0c2f36396658ec4a55d,Production,Assistant,2022-08-31,,
b57295ff1abb33b01e771b5cbd3c3b50d29c9dd2852396259c6b7021644e1832,Production,Operator,2022-09-03,,
a506abaf3b32636f5b5afe668201b559f6313d3a57ba78353dfcdcc4c6d377ce,Quality,Assistant,2022-09-04,,
7478d2efbebaece438cbcf124b61aa2a51d9e0ea7d1378f560fff8f4fb5bc08d,Logistics,Assistant,2022-09-06,2024-05-17,Layoff
e7e4a9c169ebb64552b862c2a12dc43576b8d92c8b9cb3f70d43f905978a52fb,Production,Assistant,2022-09-14,,
6fdb93acd10e4c63e1b7b57ae4613b3bef254689b8e20aa33358def82abcd357,Production,Assistant,2022-09-15,,
dafdb6f0a0e013952bbb562d97e4707e6f9caa407c1f7d9029b468fc92e2dacb,Production,Assistant,2022-09-15,,
4f6e8e23295c7fa6951d771b82d9de7e48c18fc6482bd69792c158527ee6b087,Quality,Assistant,2022-09-23,,
9c5561b5a5f95be5b87af7dab0b09eedfc15903b026721cf3a6f7bca98aaf19b,Production,Assistant,2022-09-24,,
1ba8100bcc3a2b6302ee1775feaa15c12f26dc8fe1b4eb31ece60fdbdb7b3939,Production,Assistant,2022-09-25,2024-09-14,Resignation 
8ce08527ea907139088b5ed2ebcf4a4df56e74f1968f4d3881365aa3624af772,Quality,Assistant,2022-09-25,,
47d6c254fad884094d5512d493eaddd82a4117afe80d6909b75fcedfc1ad9a5d,Production,Assistant,2022-10-02,,
1cb47ef22546dd143d4d06470ffefecc8316d79a30510f16451d0f088e7ea777,Quality,Assistant,2022-10-03,,
af0de2e2575a7f2a2089ee42697008216f49842a766ae274cfe845911196fd9b,Production,Assistant,2022-10-08,,
dc78b6b0aec43e1cd0af06649e27a56526ad8eb5b6a8046e220c2dc41a9151f4,Production Planning and Control (PPC),Assistant,2022-10-09,,
e0afe71522f4f5c1e890f180cc531c1ac0014ec946862cea40cea4980a87f995,Production,Operator,2022-10-12,,
d4c780e4cb3814a616747cc89fc5e59e08b4708e2dc076ea802b682d81e1009f,Production,Assistant,2022-10-15,,
19243b9891e68d4fa5b5ddc969514ba8b08032066ad8c37b5ba716d78d7cd350,Production,Assistant,2022-10-18,,
a2d860025db355051f0dc8b218d9d2bd1576434bb19f7875296390c1d45f3419,Procurement or Supplies,Analyst,2022-10-22,,
3c6c831b8dd9f3ad35c3aa21a33731176899cf59dd448faa4b12690d9b45d92d,Production,Assistant,2022-10-23,,
d59b7485e757cfe3b24fe66f136bb00f42bd3beb02042a33884a876904a00788,Production,Assistant,2022-10-26,,
e4017108753c9b47d2eef736246a3604a1ae19a1d6e1cb5ab908a6f1d316058d,Logistics,Assistant,2022-10-26,,
f7f27dc20a2ee787a406b7c34f5ba690363d3112192e5ec64d68bcd36ff27670,Administration,Leader,2022-10-30,,
1000833ff1d8bee6fb58179e50e74e686a4e2cb082fbdbad0aa8fec6f97e3279,Production,Assistant,2022-11-07,2024-06-19,Layoff
af97016fd372c349168ec07238c8facc11062d2a4c9a3849a43f27dbe74cfdc2,Production,Assistant,2022-11-07,,
1ceb7c18c0c200714530a5569cf4ed0fb789840f69716e0130642d6d7cf34ee7,Quality,Assistant,2022-11-07,,
afda9827611940cd453345d5a56daeeb0d18bfae1e27b3beaa658d9eac369b67,Logistics,Assistant,2022-11-09,,
d586fa2f4e0ea6813cf860d0a7cc0a818cbceb1cfdcd0299c96f3fd038af5cb6,Quality,Assistant,2022-11-10,,
6f1e3486478c33988f1abc229c428ae32451cb2cdc6c7ee6ce7acb1ba1c9455d,Production,Operator,2022-11-13,2025-03-04,Layoff
81613e76cb5ae16548a3cd07693ebc0131b4032ae5f8ae0cecd35fb617c47499,Maintenance,Technician,2022-11-16,2024-07-16,Resignation 
ff3137f8605cdc06933f2bc4380974deb8b1e077862439395bf21c8157ade534,Production,Assistant,2022-11-16,,
3d116e515a45ce4a290e1ab7abac1eecd05d307b36b002acef584563f6ba8ddf,Logistics,Assistant,2022-11-23,,
b11f4877adec3ce7fed59a3c244b94454f8db739cc3904bd92899e3e2abde199,Production,Assistant,2022-11-29,,
58e4ef4c526d27e9790c805d732ca00bb506ec1d5c2e3ecadeb1eb3d811e92b6,Quality,Assistant,2022-12-04,,
7b1ba40cccac31a253077c09b3c1c762c04ae8233bbf1549890ec6d38f039a60,Production,Assistant,2022-12-05,,
1e8b33a00f751b95f2ca9195f58d0f051714a84048f69d92fdd9ee017bcb2bfc,Quality,Assistant,2022-12-05,,
793c12c4ab066ab44f5558d446daaec93b7655a74e1e8da7dd2f630f17e93bd1,Maintenance,Analyst,2022-12-09,2024-11-30,Layoff
77c172f3903a913435bda78c82b142361c661d10ba141caaf6af9ca3806985ea,Marketing,Analyst,2022-12-10,,
e433bd096d03756c34ea6e273ee1c0db05ccf8aefc4201a03cea301c21afaf36,Research and Development (R&D),Assistant,2022-12-16,2023-06-10,Layoff
0eccf64c7fbf7641f7c02f44511f7e8b1fdbc6cfb096be90f9ca7637ca2966e2,Maintenance,Coordinator,2022-12-18,,
0a6a5034fc2bdcf9e379dd2c14d87c76fd1d55501b7fe90a75471f46900107cb,Production,Assistant,2022-12-19,,
031f042f26dd959c1cdaa5050385f500383eee7d0a6687f7a7fbc15097b5b23a,Sales,Assistant,2022-12-21,,
b77ac02e623c2dfdbe7bad74e3f8d81817e40558300acd294c94bbcc578c8727,Production,Operator,2022-12-23,,
45efcfa4c155df14c049e2cfd6d64f0150ec71c682fdb0055f082febb3e5d35d,Production,Assistant,2022-12-25,,
e7600a6bc60eb30813d664552ccd9651495091d92a6ff9402cfd88b87f6a9d6e,Production,Operator,2022-12-28,,
6edff75859ff71d53f8b7b9e9eacba69e667adc222f1c282a956d3f00c3052df,Quality,Assistant,2022-12-30,,
629228e6c751e1f99030d1c8d63fc3b34ed289b2fff7b3153f7652b32ae7c2c4,Quality,Assistant,2023-01-02,,
f5efe23217fad8209cdda252b69372964915c9d052c303808e89931b29d9ade6,Production,Assistant,2023-01-03,,
9119d77f72a89e40ba12b869679f887765367d0dc92853a47c00071676c4d753,Production,Assistant,2023-01-03,,
1ae4bc4a21845b46acdcd8a95e2c46512932151e7f6b11fbd12cc4b1c6d78f2c,Maintenance,Technician,2023-01-03,,
c4976acc901c5dbc18c0b2460ddc8292ab5196f66482613cbf37713147abdeef,Maintenance,Assistant,2023-01-06,,
db080deea5e1a2906045292456f335a5bccd17b9c9971e1c6214eba404476ffc,Quality,Assistant,2023-01-07,,
70f1f6ccc3665766a0d340d50a6ce9b25b4841968cdb2f606af90e3754a96c4c,Quality,Assistant,2023-01-08,,
e700dfb5fa51d5d80867131d6fd2b2696d42aec82dd3708242c489f8c0d4a0b4,Production,Assistant,2023-01-09,,
6346ec53618e945aab797c1a874b76dfd31617cb2e89f7e244aac6e1723cac0e,Production,Operator,2023-01-09,,
cd4fa969fbc9564d5cb03e66ae8c7ff8bdbc8cf0726946ab18df63a3c3cf9181,Quality,Assistant,2023-01-11,,
c4424c1b8e413f0128254c6b9fd8a45e741ddcb6ebfa1e8874f1817cdea6f873,Quality,Assistant,2023-01-11,,
96c988081b0aee45a3ecf3943e3fbf095dd1f0ce7e26f151e6198dfe9d47d369,Quality,Assistant,2023-01-12,,
cc591879117c82d0d6b36d8cad52c4f75ea9b3c50848e00950bad4ba69618bfc,Procurement or Supplies,Analyst,2023-01-14,,
2bee8b387fa90250b2152073c6e5068b689f5ca5624617ef8d60206922e8c7d9,Sales,Assistant,2023-01-15,,
8507bd117402bcde0ab9651144d8b97278eca81a8203753389ebd6d341065ce5,Production,Assistant,2023-01-18,,
141a625ea6115007f34feb5936b2387295024367cbcad650a0f4a6396bede73b,Quality,Assistant,2023-01-18,,
36cedcfee901c54342da63a3adf04a31f9429ea1df4c38eabf5f056335410f34,Production,Assistant,2023-01-18,,
251ec58e0097eac6206641458507adaf54609c0109621fa06896bbb9bfee1f07,Production,Assistant,2023-01-22,,
cc21243dab33b56f832ca1aee6f0c33e3eac496b4ffc713e03dfa28f1d3b20ed,Logistics,Operator,2023-01-22,,
f6bd4e8b2a02cb8ce8cfcca82859f035074bfde3b19d34a06cb0b777478f557b,Logistics,Assistant,2023-01-23,,
700fb9ca9249219506aa1bad575ca9589736f6c44e8debe7883a4c6833d06cdd,Sales,Assistant,2023-01-26,,
2408fa164e2aea3a17f3a4a5ad86987456331add6fa5dbd67f1796f7b40416b5,Production,Assistant,2023-01-28,2024-04-15,Resignation 
fc1eedd6f8dc8e10edb50f2747c9bdf1e24820dda359d1ab6cb1bfe0eb60d661,Production,Assistant,2023-01-28,,
08fc3854a581591055b4bf678492b6a2a9af5b96e9f8a725c3a61eeade2dd58e,Logistics,Assistant,2023-01-30,,
991828130de04824186f1b9f0cab6bd679d6c9b6afb7ded639055d6f5b21e2de,Quality,Assistant,2023-02-01,,
cbcc640583ea07ca20e03f9c7fde86c1841530776355f1376cc16a80cff0f313,Production,Assistant,2023-02-04,2024-10-30,Layoff
98f6f7dc2eff22b7aacf99434363914b395c1f0d922820ebedbde2736890d558,Production,Assistant,2023-02-04,,
13db7a77481c4dd64b776c0cd08032bf7121a2e90fe770f6d49de17d8b01ac14,Production Planning and Control (PPC),Assistant,2023-02-10,,
95c20b8f5a101d988f0a0e4ff34a4d3b83c6f2559edd2087b30e22c08358f696,Production,Assistant,2023-02-11,,
9c67473c26fa96223580215685ef268972ca362a26eacec7f489d0ea9f7ebb55,Production,Operator,2023-02-11,,
53edf2740f125c6e24c7048fffab5deb85047125d52fe18b2362fdd55e756db2,Quality,Assistant,2023-02-12,,
a80c8e635d54a3b29687077c10b0b86787cd457d33f2acf0f042c9e164f338ff,Production,Assistant,2023-02-17,2024-08-31,Resignation 
37759ad627eb3b8e795764bed75df08822792af7546da709ba857f19f3769fa1,Production,Assistant,2023-02-19,,
de908f23cfefb1fe558a79c82cb8ea8a9c37e24550a4d3bedd08ceec722cf8d6,Production,Supervisor,2023-02-20,,
36f9a7867d5674ecea2f059abb9524d65ba8984fd549c5c99ddc7d8fce4b1d16,Production,Foreman,2023-02-20,,
3f0cce1cb20d75b16608ca31ffdfa9c807c24ee28c72885e0477604b4da558f8,Production,Assistant,2023-02-20,,
d0735167c190fe044767be21bd4a93d1162fd94f55b11fcb332bb7c95e228025,Production,Assistant,2023-02-21,,
cd39b03f952c12eef800d271f65f8ed11309f760aabb7b027e38cad2a5d48840,Production,Assistant,2023-02-24,,
5ae6e95d20776e8d03d1c7b97d67799e89b7aeb0ef7086c80b7006ff2ddc92c4,Maintenance,Helper,2023-02-25,,
477a0dbcf2b676290ffd1a157cd25b43cf238108987c7ab0b221af9d5d504ed9,Quality,Assistant,2023-02-28,,
f4c5061cbb88c8318e41ada8c351aa79f51927dee173d1797e525f9888082722,Logistics,Assistant,2023-03-04,,
f6ad02f0d79d397384169f20f031e60230398598a7ba08b2757821c003f8be8d,Logistics,Assistant,2023-03-09,,
a2e111b3da34efd9f5448bc1ddee865dc88e317796490929131be9dc4bb067c7,Production,Assistant,2023-03-12,,
cb1f6e63be191e1cf768fbfba8293d696e6b9568cfd15a39ad77339b53b0430e,Production,Assistant,2023-03-14,,
b6a993c0ac95163775a740939892f62e3e2eaaf1bd48c3544b309ad30b2966f7,Production,Assistant,2023-03-17,,
c28ce86c15cba4bbaabec22caa3ded99471b06262f85f1665304cd5f5af633f5,Logistics,Assistant,2023-03-17,,
9ed7743655ee8a4a8f2059accc096b0a0204f3c11dc3e6659b632cec12553d7f,Production,Operator,2023-03-18,,
c38b91527432734bc1c39886911aeaf12181cdd2050e56ce8767f9e813906ecf,Logistics,Operator,2023-03-19,,
858e9872a715b0edd31242f8ca9536075f5653e58867f03b37e189b7a7f3ca96,Production,Assistant,2023-03-21,,
04b7cbfcfaf3e46d3547b306c8844934396f19de803a60cd5458c6285df76a0d,Production,Assistant,2023-03-23,,
5e2125682b2ed254255863a788dcd1cc42331cad5a9e22b74feff83fd0a8799c,Sales,Assistant,2023-03-24,,
e993ba0b7d57e53df98deaf234b48ec707ea81d7187dcf982a1bf40490f8d29f,Quality,Assistant,2023-03-24,,
d4ec072a3ea2008ad665c6cfc46838fb44c17c18fc429747e75bf51fbe57fd43,Production,Assistant,2023-03-24,,
c04d69efff3c24e931273f60805b868037657541dae721e3814aff34a6ef1e6a,Human Resources,Technician,2023-03-25,,
cb99d1355404c30ca619a433aa44035ab2d704b9f8a883c33e9b9294ceb0cfab,Sales,Salesperson,2023-03-27,,
ec8d2fbfbd09efab89ab846d19cd2a4db5ea26d516fadcb9a918f03cb2de3920,Production Planning and Control (PPC),Assistant,2023-03-27,,
89a83a3d90b1a8da1b3112013deaa34dd15f6592c97659a8687106a5c9ccee62,Production,Assistant,2023-04-04,2025-01-05,Resignation 
ec5040c6d162134dad77603a1cb16570c5a93863a12642335032a13b431e9c06,Production,Assistant,2023-04-04,,
833350ca5be1de2f4318748905493cd89b2eafc9cddfb8ababe82b23cc0a673d,Logistics,Assistant,2023-04-10,,
77b41b44c20e962fb6ff3212aa8ef277c9a0d910063e80cbc0c254a19309af7d,Production,Assistant,2023-04-12,,
466684cb406e6950c523a495639ab3510d75b170c5e2e93e78b6cdcad6cd1462,Production,Assistant,2023-04-12,,
4552088cc101d9df4072c995767707d7b2b9fd862b8e199000a72289f19fc26d,Production,Assistant,2023-04-14,,
9adc89f2807b493f86d831f42186af2f6a2a8ca50b9c0e765dadfca3a639e464,Production,Assistant,2023-04-15,,
a8162ba444036194b73e31e147d3f1f7e1532306a44b82a074367457c55bf970,Maintenance,Operator,2023-04-17,,
884cc21d0794c6732e40cf9c192842ad52f05c03ca699e602b7ecfeb831606b5,Production,Assistant,2023-04-21,,
22edd5dc8bf111183870c42057b085d48a27ccb8cf2e88ea3550822485ec9411,Facilities,Helper,2023-04-21,,
c24f07a8e635184e7716f869afc38a65dd612fc22ca7374807b5a54557845064,Production,Assistant,2023-04-21,,
b48075ca9049dd75481d26277423abba11c84d0f37d04f43a8dfc20445e9c2f9,Maintenance,Supervisor,2023-04-22,,
8e79a383c6974b715e1640a45ac941538b59f4f629ac5dd0cb1c85e31a06bc9f,Production,Foreman,2023-04-25,,
421628b4797e38b9ee9522c7e0138fcd5b29e008b728398b8bb40dd2aff899ee,Production,Assistant,2023-04-26,,
32f97827fffcc4f000ce4251ab1a33d48a18be92db5f2ff8eb7a906b6c6b4349,Production,Assistant,2023-04-28,2024-04-28,Layoff
16f6d63cc28d6ab76737e6c9844fec83da556afc31aeb1960e8ef8d786d0bfc9,Administration,Analyst,2023-04-28,,
1d1379e0c3c7446f430b2c517d202b9ba17334d972a1ed543dedb2d7b4e44c23,Production,Assistant,2023-04-29,,
71f3e3d555e74d39194e7622cf4fdbc464bdc4a0e0c126fdf3eba3edcbc36916,Production,Assistant,2023-04-30,,
9c146cdd1c703aba716ff907e227a81a15b22f8768bc045fc85c397b306d5451,Production,Assistant,2023-04-30,,
f81d0a777bc8452201085268fed4e1d1f25d9c63ae365a6bce7f2e23f0c37fc0,Logistics,Assistant,2023-05-02,,
492eeddd70ce0c9bbceaa4dfd8edb53fd8d593dc2c311f04e1ea3a0234d1fc29,Sales,Assistant,2023-05-03,,
1bbe833ba858912122db65e7f1d56ce0f2b3a350b6d068d58bb20acdf511d358,Production,Assistant,2023-05-04,,
ddd5540dc1d95fd418a0c7a502cd0f3a421015837dc242c8536bc2be42285130,Production,Assistant,2023-05-05,2024-10-02,Layoff
c5686f23c97d49c5a92359375bcbc54d7146dd6616a2d6f0396e11c84b5b31a2,Production,Assistant,2023-05-06,,
6c2c9409f60bc600b0faf8f1546d49511426b09717d3cfb47fb4c63155763cd4,Production,Operator,2023-05-09,,
2f678179d50975ab8570680b0e5628c22db9a3ac8b14583704bdb5f2acf4106f,Production,Assistant,2023-05-11,,
88b6f8788f859aab28d1e6fa43b4c81eb3d8c484e0277d7c7ff151bac8522328,Quality,Assistant,2023-05-12,,
9c098ff7051f35bea55ef790043bd117f66a39ed79441ec4d4759aa662daf046,Human Resources,Analyst,2023-05-17,,
f939c29a86de390b3794777d1011caa10bf263f913b08138ba6bb9ec077971fb,Maintenance,Operator,2023-05-17,,
74d645e24274eafeefc3d3a36f1898ab1befc675fb97ffef9ca10c3191e69152,Maintenance,Technician,2023-05-18,2024-12-07,Layoff
9951db42aa51e2a15f78270fe39907aff2ece2ca5eff4b4ac5e76fc8d19d9b09,Production,Assistant,2023-05-19,,
7123b359c9a727f2b24ae7a870c034b95f0c25ef84622abd476338ab3ee2e476,Production,Assistant,2023-05-22,,
ea160d4c8a4d56ff0a54ab257d328df585554d9e2f66ece2184ace78b6ea57d0,Administration,Assistant,2023-05-24,,
2dffe5b24788b3531f7ffcde76a3ab08f979112292b36f77d5d9fa716f7c7a1b,Sales,Assistant,2023-05-27,,
c4aa9315601051cba174a0b628a4ba032323f21b7f637cd7cc175788dc67d3d0,Administration,Analyst,2023-05-28,,
252c0f42de158fbbdeb087353f40902255990b92599e452c66f05fe495323002,Production Planning and Control (PPC),Analyst,2023-06-04,,
571ce0d24ebedf3b64911c316bc3f591887f35b94b495e186ff8b652001e7515,Administration,Assistant,2023-06-08,,
643dea1f07aad5d2796092d5eb21a0c3b82304810d89e5df952938c73388a790,Production,Assistant,2023-06-08,,
9b64546802a2bfb1c3f39e2422eb2ee59ac27bc93281799b853814aa769f9373,Production,Assistant,2023-06-09,,
fb1a7efab681f0b5c43ef5cc4454f73fc16260477f8351f40814230018ac7162,Production,Assistant,2023-06-09,,
89f474517a7206b7c9eff202f3b15a4ded71fbd55a977dd240a91855f0bb8750,Logistics,Assistant,2023-06-14,,
b4841f987030e619a8903bd39c0635a94b2b2fbf9f8da08684a9c7718bfab5d9,Production,Helper,2023-06-17,,
ccfb0b64c4af24e4aa34ea2e9e9b82d7535f5d4d4e6d489c4f63291473fc4cab,Production,Assistant,2023-07-06,,
17f5e3a00e62301542853557afde9c8bf5927287f1c3687e00c5fc3f6bd50619,Production,Operator,2023-07-09,,
6e1ea5b8180f0e092aea9fe436b6b464b288e3aaafd4f44a61fbd895e73cddd7,Production,Assistant,2023-07-14,,
09462b8c7878b2726d2d4ad3e413df3adbc0f96d3edaf2ed388197b328b5a4ab,Logistics,Assistant,2023-07-15,,
180fd5273e0a4227310c8182a9f66689da65a442895d61a7de17e46311f30720,Production,Assistant,2023-07-16,2024-06-01,Resignation 
fd8ea2941e316c56dc3c0acc1bde7d0b0f97b349dbaf06408eaf9352f43f5fe8,Administration,Assistant,2023-07-16,,
dae73be927abe98e876bf0129293ec9d97215ee3ab01baefddb7a5f858643e66,Production,Assistant,2023-07-16,,
10b7a0f883abf80bc68619cb022415660542ecd7f9a4acd025cf0da664f982d3,Logistics,Assistant,2023-07-17,2024-06-26,Layoff
4dc5689a0daaa0d9f542e478bbb4c0431c3907a30606ad5b5c70cad064391e4c,Logistics,Operator,2023-07-20,,
94b54a71bda804e6f6a90088552e67bf7b2517cfa3e7f26223af5bc412ec5136,Quality,Assistant,2023-07-22,,
f54b94cb989da66b95676f23408630be47730dbd4eef8e715a24f0bc249a1ab9,Production,Operator,2023-07-22,,
60d3a57a561d00608f8a2af9dc7770691f91a1e12ba2885f716307c576ff30f9,Production,Assistant,2023-07-24,2024-04-19,Resignation 
ae8056f33e984d61f743131c706e75f0cf86cfc0bd011f34a8ee420fc083aaae,Sales,Salesperson,2023-07-26,,
21f46b2edc0543096e92e555317e839c0a67582c1e35f1b7a84662864e57d5f6,Sales,Salesperson,2023-07-26,,
5d6fe32112c632916dffc26ad2ab66b8cd0d9492374d5d2149b42866e29dbf5d,Logistics,Assistant,2023-07-26,,
8487889829ae9f5033c025c12e0db7178c32bdfc4f692a6f78cde53d0e06a5f1,Logistics,Operator,2023-07-26,,
060108c3168067ff5ccb41ed7f995bccb2bd79bd097fc4abef336a5435c9a3be,Production,Assistant,2023-07-27,,
79a3e1bdfbbfa73ce72cb379418170cfb7b85348591f0c949f5cda844795774a,Logistics,Operator,2023-07-27,,
0cca88bdba1ea3900aaf8c8b346e461fe2d2e7bdfe582b920aab51e07a651d81,Production,Assistant,2023-07-28,,
9c8a9b486ddc80e81a1f883f23c0407d270934e7e62215d9a26f1da37bce100e,Logistics,Operator,2023-07-29,,
dcfc8c81370fb4603924e5c6a211f8cd6b8b41f410ae8b4740d6fa2fe78ba61d,Logistics,Operator,2023-07-31,,
2bd7bfa1bc97fbca55a98c7380da027ab27ec5034707ca0e18c25d2fea638b84,Production,Operator,2023-08-01,,
7e28843ce4f63e2c8ed8a669ee50742c80e76b1932cde6d69dc70b4e0a595818,Quality,Assistant,2023-08-01,,
16c1280ccb3dc9b23a66af96af0e9aaef5c44161ba5f2b46306ff4d74b2b61a8,Logistics,Operator,2023-08-04,,
6b4168aa505adf5ca959c60ee507e5fb8831c08b49e902916481543a85e075fd,Administration,Assistant,2023-08-06,,
59af083f29909c920eedde2895f129e8b082ff4de5affeb0d485e17c70591b0a,Production,Operator,2023-08-06,,
ff85eeb8d298032e453a829db65a01260449254f0d7f2f84221c1bc09779fe0a,Logistics,Operator,2023-08-14,,
99b4fc5b4dd4edea1ad44855339697e286fbfa4d651004e73a2e7b84db99813d,Sales,Assistant,2023-08-17,,
e0f12843f45a6833d38dc0cfd3e063725189fcf143a88a663ae1060312f30fcc,Engineering,Helper,2023-08-21,,
b10a5eba6651a893d5c1b190c06a1e441ba724563b9796512e9f13917af88d87,Engineering,Apprentice,2023-08-22,,
43767818c6e5ee7cb66d482b976ac5908ba965302347e1c193e4df3cf2975515,Production,Assistant,2023-08-29,,
a812a670464eb4c9b861f48d70b8128b6965cdc1b8b3ee272407621e0e61f627,Logistics,Assistant,2023-09-03,,
9ebd18b0fe7f26512f466cec6b6819e5f056836c724e0f77963fb860fb815b7e,Logistics,Assistant,2023-09-03,,
0a3f9044462e228c1e9d53cf01777ab1c49d59347bd6ebd792cd7f836663bef5,Human Resources,Assistant,2023-09-04,2024-06-15,Layoff
ab8ec4878349045a744c88a5b76ee72c4bb99dfa5959a6d94897215bf6d59199,Sales,Salesperson,2023-09-07,,
398b06cf3820a8948f439bc3fc6666172cedc75261063984a23ba5d990e538aa,Production,Operator,2023-09-07,,
07864efa6b1ec1566f87035198190b2951f05591099148edc1478bd8245ecd03,Production,Assistant,2023-09-08,,
dc6cdf3ae3a69d73d2e9dc217502c7884c0e2940cbce9b4509efaeb130326c87,Production,Operator,2023-09-08,,
f473491888c81917377507f9ffd4bc8289a474d3e1bf41f903bb02e2922055ae,Procurement or Supplies,Analyst,2023-09-09,,
ad0e9ea9dcd68c6b24a665ea1895c10d947cc2697724fb035ea584d7926c7237,Production,Assistant,2023-09-11,,
31b9d89d38ecb6acbc10a0aeb151409c84f71642a4fe076ac30968d394f20fb5,Production,Assistant,2023-09-14,,
694861e35a47d023dcb5484d0874c299aa9caba76036e00258da70c4859e0d38,Production,Assistant,2023-09-14,,
2b3d3c7f5f86f40a2f2a179d1f8bd97e672c9a919202c7d332af14ed92c4576f,Production,Assistant,2023-09-18,,
c332ea62f015438445065d738cf77ada6301de7245af85952094696f17581926,Quality,Assistant,2023-09-19,,
f3f06a83155654cd151721142b881c69beb49c50a8cb0bcc0f7c74970b41a381,Production,Assistant,2023-09-21,,
06526d091e37a8cc8ac4e30a930810dd5f613995165948dd446e76a2b95b38b8,Production,Assistant,2023-09-21,,
12e799d2ab29c01146c6c05d0d70a066288a35100af906c28914a168bf1f7785,Production,Assistant,2023-09-22,,
e537b583b69822c8f42c3017fd673930548b5d12d88e270985df20868bdf6b16,Production,Assistant,2023-09-23,,
28d05873b008641a86afbfb99924d8d72bb2aa8532ccbaccf9f5ed27a46e8c33,Production,Operator,2023-09-26,,
b10f7053ace35341aeb7ec38c8c1c440d97c94424485bb1b5a14e1dad1bd360b,Production,Assistant,2023-09-30,,
4af397c54a2e61a0b090eb498dd201ff65b975063561fc7b866977696aa6065c,Logistics,Operator,2023-09-30,,
ee2ff0591a1e780a9aa84eef38ab1a05d774210cd0a4311ae189ff781cd286e7,Production,Assistant,2023-10-01,,
9fd13c6a8603009440e6633ef81f27c69fb336bc231bc0045e5f6ac607b6340d,Production,Assistant,2023-10-02,2024-04-12,Resignation 
a36a42e55b22af9c256940f4c827e00d656d3d902fc0b84a65b8db97bb67e1ec,Logistics,Assistant,2023-10-03,,
171a556225e0139239e4205b837a54f5571e7bbc39c68e8a281b16ce1d289a2b,Production,Assistant,2023-10-04,,
88066239c492215b8ed44c0c1bf2286b5005fde517b486e4e12f067f2478cb76,Quality,Assistant,2023-10-06,,
9278c0f9f8ef1df309e63238daae4abf0ec8d20122bcbe028f02ac272cab5b21,Production,Assistant,2023-10-06,,
2a02243e0918f599000c7918ab040e97dced9b8b943d6ab18bd0c8f662716d11,Logistics,Supervisor,2023-10-07,,
3c97655fb4ae3346648620baefa243e646479fb593e170cab78d697e60135475,Production,Assistant,2023-10-13,,
b682b82f7ed06d0e4de3ea6c524050f685a35bdcd359b1afd96623fe24bfea87,Production,Assistant,2023-10-14,,
87f64bf435df1e7245713eb13cd0a1f59488eebc2f2ad514a3f96faadf791c45,Production,Assistant,2023-10-15,2024-08-17,Resignation 
0c6c44a42f44743a4b714b3a4eba4d9ca7643843fa4ec12f4f74706393065ba1,Production,Assistant,2023-10-16,,
8bb6fb3b2077fd23716b32e7e711ba2ffb94a2ea74844af53d6c12316c88685c,Maintenance,Supervisor,2023-10-21,,
2b0cf1dbbc390d6ad44d8737a162392aa8220a898041cc2699ebe32ecdc5f857,Logistics,Operator,2023-10-21,,
b5b1a980bcf3d2cfe0d957ce76f9e84a29d5207232458ab52ef0434fd3e6d504,Logistics,Operator,2023-10-23,,
322c80ce268d115bb44b9b2f4eb48361a01cdfa17d09ce44fc7a48683ff9c12c,Production,Operator,2023-10-24,,
6aa2e368d31e99017331b900546a49dc22f0bdc685382556d2704f13220f3c9e,Production,Assistant,2023-10-24,,
3b9099c12acf0ebef275b0e802681815d27b888665cce73efe1f892e9a36b1be,Production,Assistant,2023-10-27,,
50ce84bb4b685a3ba9044951d0f78570a3ac88cf07bca6c99df614ad69a7ed3d,Marketing,Analyst,2023-10-29,2024-10-09,Resignation 
5d8006e8f3902601b135acf42813252966134861625d32b23c6065467a8fa885,Production,Assistant,2023-10-29,,
1044688f726f648c53da3546faf48ad35cbb62d6c5e90c45ff3d604d26be3ed5,Production,Assistant,2023-10-31,,
8487ab9483fb6c629a20e7e8330943c1bd5e4b9aecc3735fb2d0d5280d218031,Production,Assistant,2023-10-31,,
d59b4da0bd1d54dd3f8a38a0f38099cdb66101c62e9b706b80f92bc9c4c7c83a,Production,Assistant,2023-10-31,,
0f113aac6d25a623b764c407edefe529ebd754e1d81b0ae8f5d6e4d52b6dedf1,Production,Assistant,2023-11-03,,
c5dde71a719a5899eac95449ccd1a41ba534db5ff0cc572aa2cd609763919ea6,Production,Assistant,2023-11-04,,
541e1deff39daa5277f44eba6d0eb0f31e24ac11c84c2ac1bc7336d14a4ecd87,Administration,Supervisor,2023-11-09,,
ee2afbbee50a1740f46e65fea14bb48429c5d1897c4894f3d2766cd3ecb7d979,Production,Assistant,2023-11-11,2024-05-30,Resignation 
0a0d011d83f7041fc9b3d5e24505d5e532b2447641c22c581209396f65a05c39,Maintenance,Apprentice,2023-11-11,,
f02459cebfe0eed85b85c3e308960f7db704a188ade9c269c849111cb645400f,Sales,Assistant,2023-11-11,,
045ab99c4d03eb09f250f1d9d44f52321289c83406311d54953a204c2ac2e301,Production,Assistant,2023-11-13,,
a1b03a5b339d2f1b13a2448eca065f5dca49136a3e2359c45ca928b3c680c3ee,Production,Operator,2023-11-13,,
0c0779e16c711c338797daf2192b6b5bdac20a2c6fd03aec40920e6fdeba2f01,Production,Assistant,2023-11-16,,
a9ab0a13197bdeee63badf6ac3443fb0249deeb5455ed3149551e3bec2d6e9be,Production,Assistant,2023-11-17,2024-01-21,Resignation 
80acb6575a59d3518e20f91aaa2a9825ef277117dca76f4c52606f72b9545c3d,Production,Assistant,2023-11-17,,
09a07fd116575136d24f14e4e36cfd91278e4b703d2c95bf213e9fa94986decf,Logistics,Assistant,2023-11-18,,
bcc037ef6bef06a9cbc2af056a04793c3a5377141fbffd01d76109d72c5a1ae7,Maintenance,Operator,2023-11-23,,
706462cd8788b92e6db1ad93b2a301ff86b7c1d621e84c91520d06b6cf8bcdce,Production,Assistant,2023-11-26,,
6109f55b1ffa9916e3a3ddb96952e76a243ae4a5e289d16a37420fcb462870e9,Production,Analyst,2023-11-29,,
ad2c4b22b957b950546e4cf24fd88ab924a20a7b9f8ec9ae8ca74c9e358b3cdd,Quality,Assistant,2023-12-03,,
dce37eb3f9a7ace9915c9161cd4c1930131cc60e3a960228a562360607180084,Production,Assistant,2023-12-04,,
df1d1d6f2299e1dd43761f61ed65b780b0bd7d6e84b75ccc9e3f05a9a0676167,Logistics,Operator,2023-12-05,,
ea13b616da772b58d73b767a581bbb2846b79d134135d5b0e402283de85d4411,Production,Assistant,2023-12-10,,
afd501f065243fcec2496caa40ed18130080dcb322d261251d89928315df9268,Production,Assistant,2023-12-15,,
a1b3f766fc249ad2727f0a7ade5272a019dcd60d51ea157348a6cdad08ebb2e2,Production Planning and Control (PPC),Leader,2023-12-15,,
623696742277ec094ef3c7d36d43945c9f180b75db4d92892af7e0cd9d1fbb74,Logistics,Operator,2023-12-15,,
7ffb9a1afac657a9fa10363c9364eca9abb4b52104ac86017ecd90ca95037c42,Production,Assistant,2023-12-16,,
d1063ed778ed025d76654a72f941ec8600424d68c837deee0ec2984e9bcee6dc,Production,Assistant,2023-12-16,,
af61c844659e6f141c8e6219c1b4e22dcac25bcad88cc35f2888398aa2ca73ca,Sales,Salesperson,2023-12-17,,
1f6cfb43e80d75375e5a6fb9e38a167ea49e150f5ced07c2fd8956541d69debc,Production,Assistant,2023-12-17,,
275883d51dd1f797fa093f77dd8550a5b192970e2a1a4e5f91317f7a03d1799f,Production,Assistant,2023-12-18,2024-05-20,Layoff
28d92d520bcefa5e9cd9b9dbf83649810ea509fbe520557e55579df0ae6a845d,Production,Assistant,2023-12-19,,
fa24309879deeb4c3f464d30913686f24e7f2df4fecf9204c5ad9c120086738d,Production,Assistant,2023-12-21,,
52d471fc9eea7b217812e0c6c7365134fc016a023d9add0e2511ec57ce66a970,Logistics,Assistant,2023-12-22,,
3e04fcf74d0dc6b229c86ea50037a5f612564e1e6ffa3ac0c1737aca8b9b4b42,Production,Assistant,2023-12-23,2024-08-11,Layoff
e09d7523674933d82c6bf12b0dd218d0d11259e1bb41bdafa762ca16d2554268,Production,Assistant,2023-12-27,,
78d9d9d9ebc636f85de0a6214d36e7d73e49abb22f5ac2da7cc3765f63531e77,Logistics,Assistant,2023-12-29,2024-11-28,Layoff
f161e909d778e12925d577c6451bdab9a467ac4e710d47eba3928ee86792ff54,Quality,Leader,2023-12-31,,
a29a8b42b4ca1642aa57ab5b9322f1a788b6bab3f0a533293506d3bdb66cae61,Production,Assistant,2024-01-01,,
899b6b27164271a5ee86f60c560e0755ed8a9808b6e0db7a6c98daa665da92fd,Production,Assistant,2024-01-02,,
6b7a3cd245a3ba2ad51e0fbcdac071b90ffdb3a6c9af5420ea214dc565b1a7cc,Production,Assistant,2024-01-03,,
9c6d7c153e985a92c0786b2bffd00004cb883e7f7ec25fa214d8cd16de14113b,Production,Assistant,2024-01-05,,
0494d39737939ba5e671944f84895b3cb99cfb6f7bdb34c43f43bae4cd151713,Production,Assistant,2024-01-09,,
e2f4e1bcb1112cd12229f8d947c3289050fc4f61f9e5c23e087f80083744c4f1,Production,Assistant,2024-01-10,2024-06-16,Resignation 
0abb64681ea113307a1e7176fdfbd79672cd26781b22e00d1c700c04c1de83ea,Environmental,Analyst,2024-01-10,,
759670e7a85f050837456e59f1a2f156309a649eefe811bbcc3fbc9ce028fc1f,Production,Assistant,2024-01-11,2024-06-21,Resignation 
340fc4347f8222424c1c4deb5680a26ccc4aa35e40ec0dfb6c6c06ca2ce4d32c,Quality,Assistant,2024-01-12,,
8a75bb33b6ba06dfd625fda4ade751b5694fa873de7b9ca6b00d81e09a7f1f7f,Production,Assistant,2024-01-14,,
c2d486299a4f03938f3f108178d7cc0c25f14f64d79f4f9f8b1428d0e7b92d36,Production,Assistant,2024-01-15,,
e4511f555c4a710629b4ae311217656c0746f77e4aab1dfb17026611b4495481,Quality,Helper,2024-01-15,,
e301d1cb72603e8385a31e075765e375c65db0a7ecdd48fef349c3db8d1bd5dc,Production,Assistant,2024-01-16,,
13e0fb1c76d36cea72c5a582f5d39b89a4bdbae7081c11565ad42952a6a60b0d,Production,Assistant,2024-01-18,,
5b29553a7f01560514cb1d12845635684885e4ed85b911feacb2c381a0fd6b99,Production,Assistant,2024-01-18,,
5c2eeb0332b192aa160a406402ec3343da6e538e2ab030ecdd2d93269da2e0f8,Logistics,Assistant,2024-01-20,2024-09-23,Resignation 
80625865c078e513ec0d953300943e2b38495d367f6e82f197a1f79c6b95ed73,Production,Assistant,2024-01-22,,
0b1bc99ff2f03495bd69b66ad9037e2713913b9ec1d4fa313cde7280aa914828,Production,Assistant,2024-01-23,,
ab96df7ece411e875acd249a8b1a51a2acd61d354fd04f6a9f1049f1102efa8b,Logistics,Assistant,2024-01-25,2025-02-22,Layoff
764a016c1deb8beec353507b3d6206a2011fb5ff70b09dcb755dc1d494c7c523,Logistics,Assistant,2024-01-25,,
c43a2b5492e64b50e8a15089e080570f8e8a1124f51cbe0648962b6a2257425c,Production,Assistant,2024-01-26,2024-03-29,Layoff
2e9d25cb5baee0c17edbcfa45f648d7b0c5b93bc49d616536955978f366e8484,Production,Assistant,2024-01-26,,
1f9b940eb862f252bc7af95fa020fdf4cc14bf83e3dfea198df2282012b03983,Quality,Assistant,2024-01-27,2024-10-22,Layoff
d2d1381f44322f77d4f713ce96c0766b88f26d370b6af86de7c11641d2df0ecf,Logistics,Assistant,2024-01-29,,
1ff6682088aa344d37cdd84a2227d0cc5af6f679a499580e61d578252ce63c84,Quality,Assistant,2024-02-01,2024-08-15,Resignation 
b78c5834fa541dafc76a223a7c78f82639e99177a47b218707af887fc20de42f,Production,Assistant,2024-02-01,,
503bf994ef66b57890a6e35f62a65488cbed2f64441967c1fd1ee57e94496db5,Production,Assistant,2024-02-01,,
2f0d31c4dce8d163992f12614c8c111764be13bf42248eb917151902b7d9f2ba,Production,Assistant,2024-02-02,,
6563c50830628d60b22eaadd3cbf8784a6d7a5e5ce51960bc4c8271948179435,Production,Assistant,2024-02-03,2024-10-14,Layoff
906732406c49f1d561039aee13a681bb9b6c5323fd94f54148750f4adcb1fd2b,Logistics,Assistant,2024-02-03,2024-06-13,Layoff
7986474fcafa63cb8257cbff9ff3c1e982997719bc826234fa798ee65ddb9133,Logistics,Assistant,2024-02-03,,
ab9d8ea3b9d651685891649b4160d1d23b199f08beca8ec0626afd29fcbdced2,Quality,Assistant,2024-02-04,,
fc00cb4454798e56913bfaa92ada86b7e1e2356bf33e4e1193f363c278fe58f0,Logistics,Assistant,2024-02-05,2024-11-30,Resignation 
aaa0f7e3ecf8fe7b1adb9f2ccff171e3dd167a3dd369c54ed5ad4ff5eb3aaa1d,Production,Assistant,2024-02-05,2024-03-23,Resignation 
7715f0910fc52e77b2e293bf82d8dae8466ef5b295530b714878763b2a0439a5,Human Resources,Assistant,2024-02-05,,
a4b70395f5e36d2799368019f347c624fa163f47e7da7c27f0cea7c55f980585,Production,Assistant,2024-02-05,,
f5ea24d16645240c810c8df758814783e6e09e50aec00d21f8f204fa38b50393,Production,Assistant,2024-02-07,,
d511acb586e75670891e65435d6c8eb77b646ddb820b5ab2870451724635d9d3,Production,Assistant,2024-02-08,2024-05-11,Layoff
8d8f1a0e33e106accd28820fc8479892f253822f484a5cb04c523ba4bd625d28,Logistics,Assistant,2024-02-09,,
4c461622a4b0e106de32dd1ebe4be17607f12800ba63aa0c3970644b126cc430,Production,Assistant,2024-02-11,,
00e366d537845daad74bad9cd01bd8cdca906a188e1eb7dfa39897539395d76b,Quality,Assistant,2024-02-11,,
29251d490f9550656a18278496555fcebcb74b96481cbbd362810637a614f4b8,Production,Assistant,2024-02-13,,
40f14bf73677319800dd213a3452f30bf746102a920de3cc8850bb98a90d704b,Production,Assistant,2024-02-14,,
701d3d79d072c020b9b17774e9f2900fd8a414d655d2ce6ee4e2e9d19dfeacb8,Logistics,Assistant,2024-02-14,,
1964e587edec55fc6270e064d9638957941efc3d71b1adac12fd2bbe37a2a79d,Logistics,Assistant,2024-02-14,,
80daef4933b4e93d4e277d5540a9dd8f346e91edfe49da45c2c7ac0a3e13bf0d,Human Resources,Analyst,2024-02-15,,
6bce6757607ba3ec1ba421c47046127fcf8da36da1f303ec0fe25fb33cfae2e8,Logistics,Operator,2024-02-15,,
75296fae71543603af988fef83a80046e566bafda498ea0a193270b2c55460d3,Logistics,Assistant,2024-02-16,,
ce88134098991f74761972be33dcac9a49b50f678f71cdd08d83e357b0756219,Quality,Assistant,2024-02-19,,
398fcc8855c2d1f5ee40bfa5fd0208288c6a01de0441784aa37bfdf704be5426,Production,Assistant,2024-02-20,,
66cdf988795ab03e72fda91648d6bd8edbdde1bd614172cf452575424d78b3aa,Production,Assistant,2024-02-22,2024-09-21,Layoff
8f1f04a6acc4338a3c52440945c3abeca5c549d4606626322d0450707e5a2f6c,Production,Assistant,2024-02-22,,
63ad537ea17c57a55af93dc12f9d8b70ff30c9d3af5947ae86adf1b19849c076,Logistics,Assistant,2024-02-24,2024-12-27,Layoff
b0ccd2b4bfe2a63505c6a85c0bdc1245142c02a1f8ec0ac621b0811f8f8b1d9c,Maintenance,Apprentice,2024-02-24,,
ee84907107038d4b225dc1a986638db03293c79fdbd7f266d134bb02eb0bbc76,Production,Assistant,2024-02-24,,
195916c976f029116d95a7eabe9995c95925e911f895ae89064889b4381929e4,Quality,Assistant,2024-02-24,,
00bf2b822529840b4eb7619fb61f918c7094f55ab340fbe3825f0788c7de0b37,Production,Assistant,2024-02-25,,
ee395a9fab49f8bc8d2e03b887440a81530a017333001a2712c5238c516054c9,Procurement or Supplies,Apprentice,2024-02-25,,
0903fb28acf94002be9395138d958a0cec2fda02fd53d6ff04cceafa26b1fed0,Production,Assistant,2024-02-25,,
27e1f1945eb5cb16aaa7ba22f206d307c296f9e1701caef23dbac5f4822a169e,Quality,Assistant,2024-02-27,,
885115ba5cb53bfb4088629d32d85caf58b821d9c8dda74711088e2f3e53f531,Production,Assistant,2024-02-29,2024-03-14,Layoff
fabefe36bc012cefc5e1fbd7e31c25cd0e50355d9131a909c2baeebb993c740c,Production,Assistant,2024-03-01,2024-11-09,Resignation 
aa7d822f2ee4b30a6d543dcf19b4427d8e6bf276536ebea0d8ddc46ee9159f8b,Production,Assistant,2024-03-01,,
aa42fab8417fdd7def333d2931c5f744b7441d439362927ae46ff143c1bfec92,Production,Assistant,2024-03-03,,
da6eb91e839c6e8d7bbcd167a1791a453a2c5bfaac0c6858a55779726d364db6,Logistics,Assistant,2024-03-04,,
a7193e76aa715cc50fec7feac147b3684a5365321c1de0c36653cd39d60e085c,Production,Supervisor,2024-03-06,2025-02-06,Layoff
b8ea52fee2e03ebfdd8db841b8c21511a7e5cc95102ef2376d74dcb7d56ede5c,Facilities,Helper,2024-03-06,,
c5da57d1bb4f106a91087c3a49fed7d90777b9243de9080689d195f0e980a99e,Production,Assistant,2024-03-06,,
ec91e1dfbe9c966ce905b12f640f377dd3994094b22d47f293ae64d97332a0d9,Production,Assistant,2024-03-08,2025-01-01,Resignation 
2a6fbbcc1230e123858d0d80aa133067761db58c4129f0bf26342d3beb5e4368,Production,Assistant,2024-03-08,,
7ad22c6d2ba6a9762a750999970ca56ce3af6f19966d686e9b63598bb690a4c0,Logistics,Assistant,2024-03-08,,
bfa4f432aa5fe29e1893b6fc0ecdcf2f1e664fbd663380d36fa6a45201b79306,Logistics,Operator,2024-03-09,,
c8fb70d1223bef3a76b0b52000db32abd6f19db43c6b81cc8f92aeb5041110ec,Procurement or Supplies,Assistant,2024-03-11,,
26459300e565216732ec9a9a7e29051e42d74e41544e35fb7dda3bd8cbfb8f8f,Production,Assistant,2024-03-12,,
f06fc4016d3adf87d2aaedc717cecdbd3549c6d802445cdcd37a4c5fcb54e88e,Production,Assistant,2024-03-14,,
79e3d6a3ba86dde9e21328e589111fb98c766a4f246fbc5eb54497dcaf7b8d33,Production,Assistant,2024-03-15,2024-11-25,Layoff
006bcb579677db1a2e1612e313296cd5ec472232cf39b709becd6cb4df01ac35,Production,Assistant,2024-03-15,2024-10-15,Resignation 
ef75a5fd12e9330d04773a708faceaec891aa0b1bcc57f493ad6f513c67ab2b8,Maintenance,Operator,2024-03-16,,
05b9ebd27ce37cba669c7b82a762ea41fc888681fa8119a772b7108f925ae31a,Production,Assistant,2024-03-18,,
22ef9f8677db97b9f56adfb9fb97933d8be2bb515760ffbaa73da9151926cf2f,Production,Assistant,2024-03-19,,
1fceef6cdfa596fe341a4020ca2b18b5426b67d71eb0b9533b4cfa98efc76bcf,Logistics,Assistant,2024-03-19,,
4cb9a99484022a6f6f3965709d07e99b04eb01bea893b008e45b42156a56d21d,Production,Assistant,2024-03-20,,
b0ed1b4e494e0c80ab7b5b4bd13576d504583998a59cee02f7694af72b594ad0,Sales,Assistant,2024-03-21,,
f4dd566492c51fbbc7c3ea30fb6fd08d48686b8b90c91ff2a6cd0a5d5fffb9f1,Production,Assistant,2024-03-21,,
768bcf010f3d740b13587ab3f06c4562bcf60bca4e5948499970191af9d2ea13,Quality,Assistant,2024-03-22,2025-03-16,Resignation 
522d972bcc53d8e79c669036a209cda145acb827895067e43a27f9f05699c2b4,Production,Assistant,2024-03-22,2025-01-11,Layoff
44e3ba88911c0be6de8f4d8480388366da22b1b57be85998089f36cccc1c60b1,Quality,Assistant,2024-03-22,,
cd9c5c05f513f0d423bf5edb8fdb8ddb34f1f4bf71432ac519267122ae6e5834,Quality,Assistant,2024-03-23,2025-01-09,Layoff
2e482eed56029f48f84f1ecb8e3a3b10b42616f0385baa79fba71beb05e6773e,Maintenance,Technician,2024-03-24,,
5b31f76ccec3f57b7c9bf7fdd2d2b4e346999041f783dd544439a73c1364c10f,Production,Assistant,2024-03-25,,
f5835e3129517bfcdcd2a95bfa158bfd57339cd0ee935da56bf454ec1023e58c,Logistics,Assistant,2024-03-25,,
a96dc21f36f56b2c8c20341ddd228c7f57028e1aedd98b3aed993359464232d0,Production,Assistant,2024-03-26,,
94a066450a606341afafb8de5494e5419dcaa679fbb57945903060f47560cde0,Production,Assistant,2024-03-27,,
6563ed69c69fe74a6150aa02f18299edd23f933408515ac0491a3900e4b9e46d,Production,Assistant,2024-03-28,,
32871cf4a92fbc199d1c748a58b1d639d5ecf79dc5b017f0a0422f8f9f667ac4,Production,Operator,2024-03-29,,
0d99c7de22f6c8371a4e35491377624c0c44afca6b2d448a8c03098eefc9dc7d,Logistics,Assistant,2024-03-31,,
1a90373c38d6473251116025cf5cebce647a2ffe585d1b8743edc984c0adbf56,Production,Assistant,2024-04-02,,
a51fb5fa286e2a3e12c2547f0a16ce8ea4d8ab696eb9a6ca63b648a431de9261,Facilities,Helper,2024-04-04,,
3e6e55e4d61c081505c475f72ebb55373cd61740827a286a2237872f6e17d751,Maintenance,Assistant,2024-04-04,,
9974fd07611f791b74695967128186e61315931c8c35a744c0c72f296e7256c1,Logistics,Assistant,2024-04-07,2024-12-28,Resignation 
41172e41278d2cee8774f735a8311923b8e105c250c40a9a0cf886d88ea41e52,Human Resources,Technician,2024-04-07,,
72fd017b66dd2296e23ea94ae267f69b2942cb1d84b6be96b84019262b48cbfb,Production,Foreman,2024-04-07,,
87da5be744a825f52de1f372e6789ef0d849a250f1f11ab7092392ac08c66494,Quality,Assistant,2024-04-08,,
49274957485a67294ff638144ebb228e48b8e2ba2c2118c6d8870007232fff94,Production,Assistant,2024-04-10,,
af6924b906578845102e3a6eb7a5ce5c0cffe4d94dab8a93f5d22f7b8558dbc8,Production,Assistant,2024-04-14,,
f176ce660146a8811b01a4e9e87609e4c5714fbe1ed1bfca756b5bd89666e0be,Quality,Assistant,2024-04-16,,
fa160bacf57bc661d084333a6111530e0a8ad51d451d0c1c74d21795f9ab8cf5,Production,Assistant,2024-04-17,,
2d75a9149a3fa45ce9dd3519a0e83aef25f3eaaccf2ad7297f2aaa0350ce0c22,Logistics,Assistant,2024-04-17,,
1458efa20c3dae821b55bc4e296952f14b5282a20ca78685e4ec54fffd49f508,Production,Assistant,2024-04-18,2025-02-21,Resignation 
81e48073d33f76098b548a84185a01fa30d8c347fa1f6e68d07bc4cee5e38dda,Maintenance,Apprentice,2024-04-19,,
31d6c903b3245beb27f23bc542f661b2404bbe1d3525cd284bea58e22a3db2d3,Logistics,Assistant,2024-04-19,,
d50878cc642ff78347df24a5d2b5646afd8e7d7244c47d53264fd54586a7c60b,Production,Assistant,2024-04-20,,
c950e3d504473496e1e75d56f4ebd2fbc73680cd0f60d3097cfddfd023f6cdac,Production,Assistant,2024-04-21,2024-07-19,Resignation 
7068a7c878755d56dfa7d75d93f1d7ee456dfc0f6a61717b84d19f2f9b3a3395,Production,Assistant,2024-04-22,,
f82ab598a651754300535b2453990342ee09d5e55df588e5fa58948bcbf5eac8,Logistics,Assistant,2024-04-22,,
66f333af3707bef50582910272824eebb836fdeaf638774f4f51c58c53d60e93,Production,Assistant,2024-04-22,,
fc33dd0bf6c481fd39848167aa9a3f146019a799bb2cb5ff71ad42b5d9bd2e95,Production,Assistant,2024-04-22,,
f8efb937122b87444bcc8af48ed0873d3f9619acffe67e1a8df2ff65f2b322c9,Production,Assistant,2024-04-23,,
d23fe055c78a54404cbe35dad1c72d93aa91307a56c03108d2b673d225329940,Production,Assistant,2024-04-24,,
3378446c560bed43c075c7609c1f390e1b94481bc989e8c059ad9e119afe7a04,Production,Assistant,2024-04-24,,
22c8351181e92001f490cb597bda6045b18d272fd45066cf226ec89b46b091e0,Logistics,Assistant,2024-04-24,,
cef24519b5ec803212a6849dd3774cf4a2e8624be7a06c6b12e968a811a8af86,Production,Assistant,2024-04-26,,
2101015143cc3697dd6a8a1af2ddbbb3c99d29d72b51e7388d262549d77f5e4f,Production,Assistant,2024-04-27,,
3930eb8d46563c229abf13e0e30024b8bf408b11bc49c0d1218384fa0fd5dbd4,Quality,Assistant,2024-04-27,,
d728a55d32dcff1de1fdc4274f0ecff72de5e01c8e43599772332ae554a4c346,Administration,Apprentice,2024-04-28,2024-04-30,Resignation 
aa024085a3219eda0a1981ed9e2c9b14ed00d5abfaa2092eeb05c75291995557,Production,Assistant,2024-04-28,,
e0a00d0b853225d640c34a34460038da728bc4242e36f50ab92c10642dbc376f,Production,Assistant,2024-04-29,,
bb59cd626215c9143e975e77c65261963c58c13b7b713034670d9bf5738a6a77,Production,Operator,2024-04-29,,
9b6c80c76a73548fd8e3e845b76ff87c21ea2c67f0edac817fd11f76f3e999ce,Production,Assistant,2024-04-30,,
dba7d0caed4bb74309843af38fd57769fc880a4550725f6d4f2b31ee3739de23,Production,Assistant,2024-05-01,,
33ccd3253089d24902498758f03f6672b51a475c7d73b1720709c466e210b16e,Production,Assistant,2024-05-02,,
ee4362f22c32d0b347a9d15c9f8cb03242085af29e102a2e91f9685fe93f9a9c,Logistics,Assistant,2024-05-02,,
1b3fd2e1be1a6554c644cf5f4e2ef93cd36552e2c372437dde7889f32b14a47d,Production,Supervisor,2024-05-03,,
2e045d502a3d3c7ef92a28d68e3a3061e8422761f77925eec82406ab1646eb05,Human Resources,Technician,2024-05-03,,
9883673490071bfe9f1f7214f9e83525509739785f538dc9fd516eb382e6bbd2,Production,Assistant,2024-05-04,,
70fe2b523b362bcc88dd2aeeeeeb5ccdc465c4aba1e656e607af162b4771d0de,Logistics,Assistant,2024-05-04,,
2a66641dad258d164ae69209e78765b434f9759032d12417c17e1d4b5a886fe9,Quality,Assistant,2024-05-04,,
5db723685ba08c2f7e5e16c45d3c0c8cc73eccbdba76dfe074c79661304c4b7a,Human Resources,Assistant,2024-05-05,,
e965f8bbd7042da3913da64cc1383b6dce0dfb2afcf69fef610f16493dee9961,Logistics,Assistant,2024-05-05,,
8b1dca7891cba6ba962d3585f1eafed2c88b51c9dcf2ee3e16b48ed99aefdb0b,Production,Leader,2024-05-05,,
843a179d5ada18bea1923011d31791832296868e3e39a93c653d77d5276cc3ac,Maintenance,Apprentice,2024-05-07,,
f7b9682a13ba3222dc339f1af4553fa782b6557c3598dee145954be6f3e01bc9,Production Planning and Control (PPC),Analyst,2024-05-08,,
7b2b25e5c9418056da2586cdb4006f0f86c892dc51bd166cdace9cdbef9eea70,Production,Assistant,2024-05-09,2024-08-25,Resignation 
238f84255253cb936c47324872750920f66493e20f2065ac232a0299d8a59a00,Production,Assistant,2024-05-11,,
fc40fda68bd2f5cb4498cfdc6bc246dc2cdaf9ac826c4b92c05cb59db7b8637a,Production,Assistant,2024-05-12,,
affe61d1160b0f4e648e04932906dc5be5a35bd93bbe980954f1ece79241964c,Production,Operator,2024-05-13,,
b0d72dc9d64b66f6b0400f51a74176da4dbe92cba47674277a25827a809469ba,Logistics,Operator,2024-05-13,,
edb81d926f5b048284b1c68ee3361f6df8d17615deb3a63a87f6a1611da47e04,Maintenance,Technician,2024-05-19,,
fc051e441935ec78f1038bf6f67fe76fb7f1d380368298ced1dbb7acca0aa9e6,Production,Assistant,2024-05-21,2024-11-12,Layoff
19d5e3ce92c38ac6ad1471598ef936d1091d9acc9bf640d0f8ffdf1f051a9123,Production,Helper,2024-05-21,,
cb93ce25617924554472a1878965eead00d4cce1cd832908281f786cda12d7f2,Production,Assistant,2024-05-22,,
7e1124d93c0e280b43d3dfd4901d0419c17c8120f0a4b5e71e254c5482c44013,Production,Assistant,2024-05-22,,
083ea4efe9c1c95f4cdccb8de52365788ce010958d3b3ec2668668289fa82637,Maintenance,Apprentice,2024-05-24,,
c70e79f0411b22d15b238c9490ac604a48cd614827939b4ed86d4ff0734be5c5,Facilities,Assistant,2024-05-24,,
4376fd7e86611443fc7638ba84216949b2425887df5996e32b9dedd35c5e17e6,Logistics,Assistant,2024-05-24,,
8013e89e7315b5ea18ab6d44dd8c0a112b5449bcfd4ac6f10e0f2ef70440048b,Logistics,Operator,2024-05-25,,
94ca0a064e2e1a3e18556f5a96cda09d2944e00b54238ba4d297bc43ac8e099c,Sales,Salesperson,2024-05-26,,
ef57fbdadc61b5c39470c98547bdfca87376eb6735d207155c4a2cd5897ecc74,Production,Assistant,2024-05-27,,
379840244709eac8f937739e7a7aa2e0647e5dd76df238fc6848a882453efe3a,Production,Assistant,2024-05-28,,
b4b47525bad61bb723c708791c8a3504d49fe37e75f7e3b1d3b246cbd6f75ac7,Production,Assistant,2024-05-29,,
eeaace142c1f8aad4f45cd462f2d985d2014e462beeb2f52198ae00c9e25dbd7,Production,Assistant,2024-05-30,2025-03-05,Resignation 
9cf95f23d1d1856d83e9c5be175bbeeaf8df5813815704ced5a4aeed43cc32b3,Production,Assistant,2024-05-30,,
3114812e15c1ac3aae50ffa904bce80699e5d76a5deff451e7de3bccf2bdb7c7,Logistics,Assistant,2024-05-30,,
fe73889b808f4f7c4b6e62aa9bb05e65a5feab0f82d29523f58c99607bef902a,Production,Leader,2024-05-31,,
506a75ca345c909364a3a4e60b27ca053b36ab71f6462b046974dfc2de810b5a,Production,Assistant,2024-05-31,,
e3df9354be9c3f329b4a0c7bae11594f4c972b1a6f2e5b0be0020e121d8c4f27,Production,Assistant,2024-06-02,,
561258a94686129bed1c6b5b6782beb7a6cf416f71da941bc34a5cf1ed4cdf8a,Quality,Assistant,2024-06-02,,
8f6f587677ceab05a64da7f29bdeff4410e542c46b2781ed156e0e786bda4180,Logistics,Assistant,2024-06-04,2025-02-10,Resignation 
73c71e49bf1e285576eb2cd201b3eff53a655220bebcb0ddb72fb3a9377188d0,Production,Assistant,2024-06-04,,
4f0180dd91505476af04187ff2687a42f45f407314bf05e3a5552efaf33c37b5,Research and Development (R&D),Analyst,2024-06-05,,
aed104a9d1f15e9bd7c5c26e4885e6eec3f37a3eeca848b033b8f50dde974350,Production,Assistant,2024-06-05,,
964b1a8858519c71425b0010e557e61a99f2c5351ca0182088f9a14406fe9b9b,Quality,Assistant,2024-06-07,,
cfdf09c0915bbdfb4aad6a6b8bb16c4374befb81e979e1aa8c2b448f4ee115c8,Sales,Assistant,2024-06-10,,
7869441607112a84cf3e18f5c598853e4aba25a3f2a50e3a64d186ba00c61c63,Production,Assistant,2024-06-13,,
0d9e3a1b9ec4f002b4868f03cbbdc8977778efd04783ae9e02da1c045370870b,Production,Assistant,2024-06-13,,
7588aab7e0af940e018ea14baccd1740f658f4323dda4866bae0088fbf3a7a4f,Logistics,Assistant,2024-06-17,,
0679e22bb1d0c807745903c68c61c6df078d1237c5e16df742e0295420bcb8cb,Logistics,Assistant,2024-06-17,,
b4176498742e6d456b49cc8f3507864b67c1e3a72be0c83f37facf693e02b52b,Production,Assistant,2024-06-17,,
513568a38c2cfc8bc02ad848b60e19afff3b81a62ced7e0a23c99a694459a8f7,Administration,Assistant,2024-06-18,,
3cc4b96f7f9f69a71397ddf77d98e6517b22f056c5773560cf2703d68c785760,Logistics,Assistant,2024-06-18,,
20f90cc75896b2e477e24ab2fedc543b462355d46f8ef91f0eeeb372eeda3854,Production,Assistant,2024-06-20,,
726c4745053cfdd4f8f8ba18ed94a84361957c3805e84b62deac5ee2038c8d61,Production,Assistant,2024-06-22,,
ddd4cf1d79607814b3ab48319374b9f3074708dde245072b85162d241d1b6424,Production,Assistant,2024-06-22,,
4c1990b823e175bde82a074aaa1ed046694e88ce3b8ab6dfc66628ba47253db2,Quality,Assistant,2024-06-22,,
ad590b882da54f1e29d8e7c9ffcf8a5c7b36e9fa1d04e63d2f98f5d7f012dde8,Quality,Helper,2024-06-25,,
429d4257de8f665226289fa3cfaa081f1d360d526461a4667e49b2cb8f14fd58,Production,Assistant,2024-06-27,,
69043f19619bc76d5b281864c75a49eabd078e7a41f3763549a7b34f61f1a294,Production,Leader,2024-06-27,,
7a1281bb321a380f06f3b2f669dc66f5cee5a9db025b6eb7b85a299219a5d485,Logistics,Assistant,2024-06-28,,
a354ba57e6823fef82faae47bec2ac692d32d0c6e15dc3a98af5ff214c51b1cd,Production,Assistant,2024-06-28,,
deebccdba4f6ba7e61f8c2a30458d35990cf7932c7aae89735eda1afb0fedcbc,Logistics,Assistant,2024-06-30,,
2117974343f6f1c22e959a43440fca2363f1f17fe114aacc59e1e389d7692206,Production,Assistant,2024-06-30,,
c3d91b46d91a57fd9e63ccc0f9b00686db37bee62fe50ccad572fcbcf16dbef3,Logistics,Assistant,2024-06-30,,
e02917c80ae7a933aa9bc1b4e0a52aaa7736062b7544dd360ffad89fc77304fa,Production,Assistant,2024-07-01,,
13117f10531dcd4d7a9d9ad471d2f558d8f23605798c70c5220e2154d7626553,Production,Assistant,2024-07-03,2024-12-25,Layoff
6bfa530714a36b71e206836686beaaeb0e25717073a30e9d2308ff60946383d4,Logistics,Operator,2024-07-03,,
fcd39919d88b45051945b441748abe97fd33e2ba91d2a7f0200aa3b4d515e810,Production,Assistant,2024-07-06,,
c1ba846a11c5746680a3933f73e02e0a768fc58767bd41db7bea18dafb60e343,Maintenance,Technician,2024-07-06,,
bb5c549fc232807c03222f66b2bd1fa6ee7ad7739c1dd2702957df14f0a20ec5,Production,Assistant,2024-07-08,2025-02-04,Layoff
66584556d00c8513be42a2335a313ce6effd04b736b76c69b3f144347c4c799e,Production,Assistant,2024-07-08,,
55a001672ec60266e1bd099a5cb1e8e3794a955708736fe57f6f77d3b1665cf1,Production,Assistant,2024-07-08,,
c9e620d6091aef741eb0a716f1db2b9d4fea4ee4313f9c534e0121310f8736ac,Production,Assistant,2024-07-09,,
96febeb5d602a11f2fcd4d0bbf17ff426e1b104f7da42dd8c3f8dd49659529ec,Production,Assistant,2024-07-10,,
518c25f50ceb672aa6997029127facef75567d8d3a3a537437af0fe26035cd84,Production,Assistant,2024-07-10,,
89d16a391efa650da1d7e93c38f59dc8b9be24d67dcb04d5eeb533713318fe8b,Production Planning and Control (PPC),Assistant,2024-07-11,,
45193e0ab7e3f0fc1b6334be74369aec74c1dd43783855dd5b251a36143ac051,Production,Assistant,2024-07-11,,
3b44ec273833ba6b96d1b82c8b8d3dec5f89c4aac7db2ee12f9196faa439b26b,Logistics,Assistant,2024-07-14,,
6e9038b24a9ffd4cffce5a6befc1495ddbd833d36224091cc6b5a1ffacd37311,Production,Assistant,2024-07-15,,
d3c886a9e23b2dac70336b6655ceac1db4d79968b7123880b1c9cabaf2c1f283,Production,Assistant,2024-07-16,,
942da26c7f4279cbe54b21b26f3c0a5a31f8f9a531fa445df9f1815f778b3d22,Quality,Assistant,2024-07-16,,
b771877a003ea480812a761462597f1d24650f16634ede38c8af365a9e8f932c,Production,Assistant,2024-07-17,,
6e0b7a932a9a14d375ff531f0f6b7d090782ad6b5c60219c62adf3c5f77403dc,Logistics,Assistant,2024-07-18,2024-09-08,Layoff
53a63710bfa6a8fb3e4803a1c185ce6a7bbb3ef9b848b0fa5462c9b14c81b0a6,Sales,Supervisor,2024-07-19,,
35e92a45bd2699ad78b007e3b569e8eba198a3f21c9735e9cc36be319655857a,Sales,Salesperson,2024-07-21,,
059f67121e3521ad80a5afe80f53485813fde309baec97cf083e0e6a9aadd737,Production,Assistant,2024-07-21,,
edc7a5de174ae42e9a1e48a389fd244b629af4efef2f941c5ac991aa991281dd,Logistics,Assistant,2024-07-21,,
9bbbe1bf87f1afa6397103456d860a8cd677644957fbe458e740bc4d18af3d1a,Maintenance,Helper,2024-07-22,,
cd78616b2c03c5a18e19f51aa37cb2482f37e1fb2f89b3b9e30d283e0bbeaaa2,Information Technology (IT),Analyst,2024-07-22,,
1459730232b97c5c36764bae0531310641a80c80fd47a59be9142dd62b778865,Production,Assistant,2024-07-22,,
21e066c14b89ba40cded27b9049a293e23d997581e064dcddf3bf82cdaf733df,Production,Assistant,2024-07-24,,
2ccbc325c9b6bf9912b95ddb1ebe2305078be186869ecac49e62091f53c82d31,Production,Assistant,2024-07-26,,
4f24091b20b9e2af42854ec61d9d4e384bfeb618dd3425a788e91d92dffdf7b7,Production,Assistant,2024-07-28,,
8de7e939eefb0c0333de4e843f0f1bed893e48dddda85c3d8b66183915123227,Quality,Assistant,2024-07-28,,
d3c7211630df7f4a808f2035690f4ca7fd942ff3d02d5f576ca6c6ca5b8606ad,Production,Assistant,2024-07-30,,
b5cc77dcd4db31ef13fd4e077455d220d1fb4e8f91bc25eccb72eefc983293fb,Logistics,Coordinator,2024-07-31,,
9761fb115e87fe24d0ee052b9f1ebc0712ac32677c32cee1b4fa9a08ec559ea5,Production,Assistant,2024-07-31,,
dcbfe90818c7abdc3d288978f44b1657bf99608cd94e7ae9b2599b7fccf98806,Production,Assistant,2024-08-01,,
94f3aca3e7044b1ce7d6411d80c22a56f186beb627f69afcb74260fb1f8150e9,Production,Assistant,2024-08-05,,
609040f17e39824c23733a55a5f1779dd4a690df7084e4455b4d3c76081c89bf,Production,Assistant,2024-08-05,,
8a752251086ea936310eb011643b2dddbf220f4c00f79c3c6a88b54070073c74,Production,Assistant,2024-08-05,,
d10115460a036a835d44962e9b1be9da4f7e4578fa97f6ec07ace69283b1b76e,Production,Assistant,2024-08-06,,
c4cd2e1916545e466a075f876e9c4c0569d2adacd0d3b8356a1828ee99250833,Production,Assistant,2024-08-07,,
2c12d365ff625938b5850b0127674d3e555b6deb23f333210e496d7859c20ef8,Logistics,Assistant,2024-08-08,,
8f6636ff233510aa52cb2786907654a4529dca1ec582ed1127726c48947bd37b,Production,Assistant,2024-08-09,,
1408256a991914d45c3ca14cd3a62e69d5dd367a73e3e2a8d708d6f23ef10201,Production,Assistant,2024-08-09,,
506fe5dae17dd3e9010824f0867bb230850541ae94d1012353a1651810f9cc48,Production,Assistant,2024-08-09,,
ab243cb3b4833c2141aab268a86881395ab8ee8bd1833d7712c328272ae62bbf,Logistics,Assistant,2024-08-09,,
369bbce3735149a1222bff65f8c3e2704e630b66f02eeeed9f139d367486dabd,Logistics,Assistant,2024-08-09,,
3b45a7bcf344436c67868809f74827e8c136e879a00ab82737554658bdbf0ba1,Logistics,Assistant,2024-08-11,2024-10-19,Layoff
7aac17e0b8d5e697b2ec7ce82122361afa1a97d4f95d7d3a41636430340474f7,Production,Assistant,2024-08-12,,
8e9c857d83e957bfad56fa99e5cf473750f908c43eb7e3a55b6e95e9d06c66ce,Production,Assistant,2024-08-16,2025-02-23,Layoff
a5d3017bc1425823b730346e585892369721d8eb1b588a3c75a2654f227d49da,Quality,Assistant,2024-08-17,,
e075245d7e582aeacfd2b9d07fe6928433b7bcfd0054dd1b2e247dbb00de5ce1,Production,Assistant,2024-08-17,,
0885f1d1c358db10f5ada12a1299cb90534b2d01cf00f373caca1348567b2cfb,Logistics,Operator,2024-08-18,2024-12-13,Resignation 
a5fe6fbfdae887120420efa2a0e702da98778b866d7623bd7342c6d560226dcd,Production,Assistant,2024-08-18,,
371bd835e30eff01e0153c81afb2ef9907bf1634ee2bba9d0a7fd6bdb48355c9,Logistics,Assistant,2024-08-19,,
6e08938d2f13f32dc53ae24ee66373224773a5c7c20b6b5cb4988c5505d02ea9,Production,Assistant,2024-08-21,,
47a30e3f78bb9bd1bbf9480a971dae15f75ccf8223b0f914823250e024d2a71b,Production,Assistant,2024-08-21,,
2f134f268008bea74a815e2b568a0cf8a05b927a1e7ed9eb8a757c19b98fae46,Production,Assistant,2024-08-23,,
5a16e7404e3a5bd7c13bad540cf0c7a413b2e4c90fdb813675f85bf74b01a580,Production,Assistant,2024-08-23,,
e960e8340db766de3edddfef15976c8b9759e9c6e84e4b2f43a4104fb7e268a1,Production,Assistant,2024-08-24,,
50d685d09b8b878c4f0d669d5887007926d07b8ebc02fcd835f44d462e4a6fa6,Production,Assistant,2024-08-24,,
41a91e7911473b66dc8b09d568a61affe1ec52df3c1095af5dd2862b6d153eb2,Production,Apprentice,2024-08-29,,
db54884ededc1bb7a653000b79244d072ab1a42cef46f7914a25dc144babf7b7,Facilities,Assistant,2024-08-29,,
a50f385ad10699b055cbf6c7fd1bcde235f2a0ea80ded9aa21aa2dad01fe1888,Logistics,Assistant,2024-08-29,,
67e2a38d95243e94977866aaa8c5697af87a992b9c437871be3dbdb238e2b757,Production,Assistant,2024-09-01,2025-03-10,Layoff
07d32c858c1273c857045e5bf9f7b071198855bd85fd5de2cc67ac1f5ac62b8b,Production,Assistant,2024-09-01,,
aee5310d7e648237895728001549a7db619df11cb1741aab2e49e6c8d972882f,Production,Assistant,2024-09-06,,
b3f528d9f1ea6bd60ceaeb1792dc34ca52e65f66395dd10115d2484ea5448b61,Production,Assistant,2024-09-06,,
d534ad6a25a1b3b1bb01fae1ec481a1b6c9242af4117963f377bc3a82666fdaf,Quality,Assistant,2024-09-07,2024-12-13,Resignation 
a6d2fa4a71e2924ea95a5e80be9ff23a4faab627900d5c90e6cd20d995d46d58,Production,Assistant,2024-09-07,,
a340d905ad269ca85739b40b29fc568534de629a8bc64cb4f14357bc7dca072d,Production,Assistant,2024-09-07,,
ae2479600e37bd736feb9f67768c7edb3d1126cf99b9296ecbe103d1b91dd7e3,Production,Assistant,2024-09-08,,
26bbcffbe0d0fbeb451917f9bdf22a280f265ef0038b97fcee983e91a8ec895a,Quality,Assistant,2024-09-09,,
eec04640c5acf4eafa5f8cbd8fee75b1985a56e2de7be93ddbed61fd25db6e8c,Production,Assistant,2024-09-11,2025-01-09,Layoff
4fb44db0a200c3ec9c3b8fb9fee386719d5ef7629317ac646b416d0f0351787d,Production,Technician,2024-09-11,,
8ad5daf9fc31147dbb87b8ef1722e939ed0be2146182f35339df3ea106dfc523,Quality,Assistant,2024-09-11,,
cb593e98512e8091c16964d608efed67a517ae08783c91508a94c4f78672c8a0,Production,Assistant,2024-09-12,,
f427452a4d8c9e1ef2bb287d6371220619ae144f1561c5a2efbe05d71e44971b,Maintenance,Assistant,2024-09-16,2024-09-23,Layoff
99434790a45914f0ebbfc80a2f71b7e8098be6c2e2b90ac6f2c860b49cb2307a,Quality,Assistant,2024-09-16,,
e3a6c60f536990e964c9931f08e3525e03978defa3c529eafd2efeb823d76f09,Engineering,Supervisor,2024-09-17,,
f5cd07fa520bbcc482148f744557158f628bb8aed3f92ec8a2e247dd4af94a4a,Production,Assistant,2024-09-18,,
47d29e11c7c1ff70f4d92d5b437027ca64be757a1c0cb557e0ca92f9f2eefa33,Production,Assistant,2024-09-18,,
e544f888c9d2ba2ccd4311a8efa4442be442561339af73fca91f815a8a2e63e0,Quality,Assistant,2024-09-18,,
c526cabbcd1086b297c3cf2d6c1e329b3d1f0b42d68f0a9cf80cdbf5e6a2098d,Production,Supervisor,2024-09-21,,
8aae7e768424a73f074b7a6d84a158907f2a6a8e684f3a1d68c858870e475eec,Production,Assistant,2024-09-22,,
61370f0cb2dd418e8041590fb71c692a377a936df539895b4bb163232984b90b,Production,Assistant,2024-09-22,,
edff2cbab63a693f7eb2c3ddf9c090eef1aab136100f8cb9c7409dafa463bac6,Logistics,Assistant,2024-09-22,,
c9e981582ad4df9f16b3233d0d45de65b9bcfc56d4679545d94874a5ae4e3b5b,Production,Assistant,2024-09-23,,
41210d54292633dc0c94ef88353fed939c00636eabe2ff7e0680033551eb9730,Logistics,Assistant,2024-09-23,,
7e5b8d7985943928f98ee7fb285e5f3d9e171fde26f6791f5cce63953e6349f4,Logistics,Assistant,2024-09-24,2024-10-12,Layoff
d39325013477d22b3f1f0f6c47a222a29fbfb4a054077b13a054d04c97defa0b,Production,Assistant,2024-09-24,,
a08b4d2c3f3c5ef3e45f1c78dc3ecf43643e2d4c999fd527b39822f090562410,Production,Assistant,2024-09-25,,
de1ce23d38eb51f10c3fcf46b20f6d837c9ca568b330c3add3aefc54d1279b58,Maintenance,Technician,2024-09-25,,
6c40f74fbdd94e24f80b065f4a79a582df817984f7588a616bdbb49ecd12ec8c,Logistics,Assistant,2024-09-26,2025-02-23,Layoff
80496cd71b3eecfaa3ba8edddb10c9def13dddfb113ec737ba866b6e707d3789,Production,Assistant,2024-09-26,,
9705d20ae76ac25d88e40fc0823fb7bccdda299d9d7899d946529b96725692ab,Production,Assistant,2024-09-26,,
835c05bcd50bba211d318c1a73599b08372d24a9241ac75ede37e101f340895c,Logistics,Assistant,2024-09-26,,
540896fb895c5993af462c70d3373713f20314822139ab34cfd026c52d7e2818,Production,Assistant,2024-09-27,,
852bc408a92cdbc367f0e97ea546da220ff1b913c4554f18e44a3681e674cf1f,Production,Assistant,2024-09-29,,
12caeb5f9353a3365fd4e5acff2fdf3b2d1205fe6b819a6ce5f2ea20b3211bc7,Production,Assistant,2024-10-02,,
cfc41322494b6b782794e01695fe214069974bc62a6d4063da62374248af5d8e,Production,Assistant,2024-10-06,,
a62c594d695f41ddf08a6ed2d6f073541cb68932d962453743cb85b7283de915,Logistics,Assistant,2024-10-08,,
a25c1d962f9929b08b80a9d11c7ce32629a3e0b0d5b30587b4328f1b1df5520c,Production,Assistant,2024-10-09,,
dbd2d54b0716f670269d892ea242073df8154588ef274e61965ddd2ddfe8b58a,Logistics,Assistant,2024-10-10,,
dac2b807745066de8eb1e033f7c0677b45853ae69c05a3ee4a53fe5b6a22c4da,Production,Assistant,2024-10-10,,
16c36174f008d0ebf917d1b933c438699b2017ff55c329a4f91e2aff1637a7b8,Production,Assistant,2024-10-10,,
a5f53b234c06af9469eaeca2de7fcd7e2cb8eb43ff52d22f1506c3099eac8e32,Production,Assistant,2024-10-12,2025-02-13,Layoff
3518f58beb7f8ce0f412042ed33a3e3f0da838d441f91fba1246ae47421d2060,Production,Assistant,2024-10-13,,
d8d0539d9fa00f083a8b5c46ace64adad68488e4de0c28e12049bbf28e2380ce,Production,Assistant,2024-10-13,,
94a441195e23a735d0ecb961916e818f4f56083325b571e8bf0871b0f855ba45,Production,Assistant,2024-10-13,,
16ab5e54cb690d3187d7dd7f2bfaef61a9bf155f8e2988106f5470cfd026f0b3,Quality,Assistant,2024-10-14,,
07eace19addb62f5aed057aab555e715dbdf6b9e098e268e912412a7de01d1f5,Production,Assistant,2024-10-15,,
9a531c9286075d2ad28eebf3a3f465df650ed36edbe687441f2e5d7340694075,Production,Assistant,2024-10-16,,
750926deaa84f3de0b4b73cf4d79b5842c17282ce035deb40583464bd2011393,Human Resources,Analyst,2024-10-19,,
5cd9c34de17dde289979c341f8a107989e1aa658496319c4f40bc737fba75cb6,Production,Assistant,2024-10-22,,
7ee1791b01e65b623eb6181cc2170c877c80965111292bb6e28eb7755ab7a48f,Production,Assistant,2024-10-22,,
767aca4349a38349f72263edd91d5055939ba35e2fd072706e29fb9c584b5759,Production,Assistant,2024-10-23,,
02a973884b4678598e168a8227f4365e47b52e500ee1c85c8a8b69c953d8ce02,Production,Assistant,2024-10-24,2024-12-30,Resignation 
37a852fa27d73abbf21da62b51563b801e37fc5caf069c0be5be104e4f72d094,Production,Operator,2024-10-24,,
a7b6267c1747ee49246afb5017bd747fbc23e04fea8d957f1c6ac5f8cdc92a88,Production,Assistant,2024-11-01,,
ad57d8971bcb96c2e183dd19e0957b6f85ca89c4776bd4fb921185f834423ab3,Production,Assistant,2024-11-03,,
18289f406e35b26409a36615ab2bef8736a9a5b70f694f3709cf40fffcb649d2,Logistics,Assistant,2024-11-03,,
dcceb32368f30edd124be28adb5b8726451b168bfb29ff566550f5b383c7c571,Production,Assistant,2024-11-03,,
9fa5b2718b8104e5ab0e3b0772063c8b045e18f9bf559b77c4149b2cff8ae5a3,Production,Assistant,2024-11-04,,
75472351d2edb5ca2f784395daf169bd336942a12892c4d4ff4a79f046b086b5,Production,Assistant,2024-11-06,,
41b9ea7b480529563d2340e21b8e27da0b0b29db02e96298721e65f14c82722f,Production,Assistant,2024-11-09,2024-12-15,Resignation 
1ae9d77461539761c4367339ee489abd273e1c3b38d4e621473855a0129fdf38,Production,Assistant,2024-11-09,,
7eb70fb5e5f1fd27ff4aaed1ea091aa5ac9bb969b4a776ddc220ff17afbe0172,Production,Assistant,2024-11-10,,
47fe78f543daa9cfed30c3acb6cde50f353779e0bfccad5086255ec2caaad9ee,Production,Assistant,2024-11-10,,
24ccf28a819032fc1f5b3e01ecb9706dc2bd72ab61b6238320973da1c5db9833,Production,Assistant,2024-11-10,,
c8aa0f5037b829f8b8a4eb92de25af08bc3c8eeee304af476fa04b9bc2ae154c,Production,Assistant,2024-11-12,,
faf3750770a2b9670cb8f20d941fd42eeecb6345986bdf57a86f545ea0b32481,Production,Assistant,2024-11-12,,
ae2a61db5c3d3d84f87a5a0031fc283fce9fa118677ca8182c292d3a55589ac2,Human Resources,Apprentice,2024-11-13,,
091fe199befd9fa3be048119e2f52bb6e555ed687a8971fba7bc1d2a19cbda13,Production,Assistant,2024-11-14,,
61a117c9a5458c656cdea4f4c72bdb93396744402a7c5b7a37b1d6af30eb5abf,Quality,Assistant,2024-11-15,,
2fafcd9ebd907537bc715e58147c8a9436927f0156e6ea2959d120bca524275d,Production,Assistant,2024-11-16,2025-01-03,Layoff
110efb92696e9de8d28fa31462e6838b74902bb5d8838107f117155f024bffef,Logistics,Assistant,2024-11-18,,
05717070b175926e1b7c42b37eb16198df68ea40126be656bee1aab9a7d70323,Production,Assistant,2024-11-20,2025-01-07,Layoff
df07c922a65f307b59d0ff1b1b5c4f43ccb0adeeda95e1d1e4e913f181afe46b,Production,Assistant,2024-11-23,2025-01-10,Layoff
9a7e77158d9fdcbbc892899d5ccd9f0e451789128120855614e71c298d36cd82,Production,Assistant,2024-11-23,,
506236e60c6dd3fe7e938eb4d11511936e22cd631a0e8ab66e6a394c701fcb9b,Production,Assistant,2024-11-25,2025-02-16,Resignation 
5e50e529e270e3a7b539b44a6959e1c6c55b6b1aa01415fafd50be9f33843369,Information Technology (IT),Analyst,2024-11-25,,
f8137d8bcb8bde00697513701feeb1e1dc0ee9804b8f38011e5f83900f6db83f,Quality,Assistant,2024-11-26,,
e49d8f3583efce9155694da21854b5cfa0232050d35e583f66a74505504b9ae4,Production,Assistant,2024-11-26,,
78c24927a3407789031103fb9a77dbcba952add6464c43381a43eafa013f50c2,Production,Assistant,2024-11-28,,
fe049738e86145b8870ec74a1b09513fcdc5c6b6cb4f8a11623828b547e4e22a,Logistics,Assistant,2024-11-29,,
e2fd5799545ba650f860371e8212fb184a09142ff3f69576177911c2383133eb,Production,Assistant,2024-11-30,,
3397696570194ab606391735f77cd89a6a89be060db455e6dffa18a62d6a37d2,Quality,Assistant,2024-11-30,,
0929963dbff6e1da3cba56ba6d3e4c984f119898abbb1ac328addb9c59bc5cb2,Production,Assistant,2024-12-01,,
a5b93aba79d47872eee3ceece7de2be8542a7d3073bf4b820a6302b91a4bb1d5,Logistics,Assistant,2024-12-01,,
db2ab13866ed3174da79d11a1ae82b997d2a2053b5b4c9b8257bc32bac0659ad,Logistics,Assistant,2024-12-01,,
2aa4362d5ee889b52dc6969a7414c3c8a1da9725712d2db9f1fc69023242a0ba,Engineering,Manager,2024-12-05,,
0b2942e458f5c92b8cdeefca0b223fa826cd6f079670a9aac912e5fc3028521e,Quality,Assistant,2024-12-05,,
462870c8c87b363450045409c58660aff989997cd5c896fc15da124e5a502a28,Production,Assistant,2024-12-06,2025-03-08,Layoff
7ebfd36882665ba62b8747173ff7f57b18dd5291c7daafb7a88b253d57f17e5a,Logistics,Assistant,2024-12-07,,
f39829100c44d347d1bdec8c5c0b9cdaee2fcb5b48b9da18a6109b08b1e41277,Production,Assistant,2024-12-07,,
62587e7594ae1408a5927452c0832d92ba6b061dac28e6765455f368f7432b33,Production,Assistant,2024-12-08,,
1988c8f46964859ccc4fe511143f1fd6c1ea5897c7a735db0abf5f5d05ccc2dc,Logistics,Assistant,2024-12-08,,
e438ed46b90455aeabc9a4875df62cd4378ab0aefa8fdce35c1b74139aedc0a6,Production,Assistant,2024-12-11,,
bba6fa0bb93a9b9628854cda75e58d1dc5b07b1e454a06a15f6b38815f6a1513,Logistics,Assistant,2024-12-11,,
101929d9c191268aab141cbc6e9db9cfdc64f6631171a939e076411c8347e197,Logistics,Assistant,2024-12-12,,
edbf0f620b84aba6cc7e8a62adb7ecf3b3947e11da2bc28f02a812d84ffb4d09,Logistics,Assistant,2024-12-13,,
dba0f569db7d3ff8fbaee6707fbc535099420cfb8622eaf0d732d285628486ba,Production,Assistant,2024-12-13,,
09cd62bcbf20e4231e4e5c88c8130b8c63fa85d5eac5b0b46bfcf38c90dc7226,Production,Assistant,2024-12-13,,
117ee3cbb31926294952dcd7187d536fa38b0a851d1d224856db2f810a28053a,Production,Assistant,2024-12-13,,
d673f5ec3b6b6bb1c5039f0518ccfaa4c8cdef5bb7a617481e39f83398cdb86c,Production,Assistant,2024-12-16,,
42b25c9b5f70d839a3945003fa5062d05ffb54272d1775a6bb7f176fdfb95221,Production,Assistant,2024-12-16,,
e0a7f1db98a47ec8ae7af1b6caf6d1954e352c002dea0b39a5795a7cef37e75e,Sales,Salesperson,2024-12-17,,
32e91efcb7b617f39c2bbb1248e69549520476712aa79896ec5a405a268f219a,Production,Assistant,2024-12-19,,
639e3e375943b7d48eb04d6e168d91af4317a7bb3800a0977209e6a5e0ec56fc,Sales,Salesperson,2024-12-20,,
18c5462137b97382f10a1783608a9cc79574c0186c04605079288533eb74c05d,Information Technology (IT),Helper,2024-12-23,,
c8d8388aa975751bb9f63e4834fd877c4dc2a4b4c5255556e08f3f0f907beb42,Production,Assistant,2024-12-25,,
38295835efa9ac2c4fe5369c05d400e91f5d8020afb096837a43cc5e30708118,Logistics,Assistant,2024-12-26,,
3b2e1dcf609be52a0aa1397ba54473e0de7380b7b1db863bdc99de2ac7c8adf7,Production,Assistant,2024-12-27,,
4220734c10f6695895c62974dec0d5c7a043c6ef1587f9df1fa9fa78bc432d5a,Logistics,Operator,2024-12-27,,
694df44079d20430a7592489ba69cced0961595817077da13c3f7563dc2f55d8,Maintenance,Technician,2024-12-28,,
215f7d24dbf29c3bda65b64d37fce9bdd8a390dea39733b0917bd13fe4fc41f2,Production,Assistant,2024-12-28,,
dbd5bb589696ae74ad797a99e345dfe823e7e987c264fe191b746a588f9b1883,Logistics,Assistant,2024-12-30,,
a17105e4867b0a9b1926e1eb2b882978c0bb2e02dd99c55baa122d1cf9611b84,Production,Assistant,2024-12-30,,
cd23b0b5f4b6b880b3d34c33f98fd4d285e008f9413c9500b8638675c4889720,Logistics,Assistant,2024-12-30,,
2eb04d1046020a6548cb918f3d7188bb0206805d23a465abd57a991baa18c783,Production,Assistant,2025-01-02,,
f5990cebaa3cf733dc8b0b85dc962cb260ba861f464e38d456ffb8160bd4e150,Production,Assistant,2025-01-03,,
88ea5a5cb18266cf457f45324ef2f4890d883f7ae26fb9752ef8f74bc958d3a4,Production,Assistant,2025-01-07,2025-01-22,Resignation 
a198dca3856694dd386609f3f895a8998b33fcd04f595b3af6cab974616ca42b,Production,Assistant,2025-01-07,2025-01-14,Layoff
15d566fd328b837aeeb82da735bdecc9d35c254c5a5c1e14b5d8ed871d291d9a,Production,Assistant,2025-01-07,,
531e15e90f6f24eddfc03299be8827963b2c13e765e788307ed254bcc92c7fe9,Logistics,Assistant,2025-01-07,,
7c624802a15173043ca26731b479193ed0325dd3ef1b7ae31ba78d0621b24eab,Maintenance,Technician,2025-01-07,,
4b24390fbce5817ff1c849737c3e57c74e9132400699c1ed54df41eb2df8fe88,Human Resources,Apprentice,2025-01-10,,
4cbfca17eacba6194d724ee12351ce7971721806cf491d982ed2c8de790a0698,Production,Assistant,2025-01-10,,
9035a488eb66c5d49038d1d993456c8c6c9cce04fecd5828d291460fa229b38c,Production,Assistant,2025-01-12,,
1a3d99e540dadd807af4923488ab0575676992de2e047944deaea2e19e046f72,Production,Assistant,2025-01-15,,
1fc2379e904e652bb6e76f2f37d67c0df9832b58fcd40d19c971cfdfb0edc82c,Logistics,Assistant,2025-01-16,,
371d05cb0dec99fad08a214f6552d98d6cfded9f8b8f81fe5f50e05331e20d3e,Logistics,Assistant,2025-01-18,,
23ea68c2d3a82bb5f5c9b6d3fdd4b80631d3a1af1843e7b3ce3b7ddc9d1b0c82,Maintenance,Analyst,2025-01-20,,
242b39692f374db5aa93b45db5bc0cfccb61ddfad8bf0ef20c77fa97c8eab8d3,Logistics,Assistant,2025-01-21,,
db3c6c6af60c52510754b8b4ec13d2268491ef86d62afa6ea0be3bfbd31df0bb,Production,Assistant,2025-01-23,,
ea7386bd109f2558662673030ebac7a07df95d1db0d4a2b2b1060fdfed331188,Production,Assistant,2025-01-25,,
264178738d0e508bbda6cfa036ae55f32ffd5f5107585b5600c06172c7289a9e,Production,Assistant,2025-01-29,,
9f5406c9d97e9e92773e5687937adcbc40bd48ac430de1e82d53442959d59a4b,Production,Assistant,2025-01-29,,
b49c04e6cebab5082edf76a6a7fafc7e61d0c9b19f6135e0223229c14c69c296,Logistics,Assistant,2025-01-30,,
c99628c5db70bba67619a07d2fdc2cb9e1360a6a3644cb75d6cbda3987fe9b6c,Production,Assistant,2025-01-31,,
4fd6b54f5dc76c9300ce8703aede4e768ac0b5f05eff79221119bffcfa1c6242,Production,Assistant,2025-02-02,,
8d67b0bc96dc0313e045ccaa705d6077e7d5271e4a9e531dcaca2749686e7eb4,Logistics,Assistant,2025-02-03,,
26e38b729c154c9b83996d9df562a216f55bc2224a5b175f1bca80c12e177f2b,Sales,Assistant,2025-02-04,,
90af18e082b8a5f382b095ad760ed02d0cb4fdd7e1ee2af5e858ae09dda290fb,Production,Assistant,2025-02-05,,
9f511aabf841a7917c44e72e14f17bb76ea27b3b86c76de2c86bfc6af920f377,Logistics,Assistant,2025-02-07,2025-03-22,Resignation 
cec0934f0efcf917e6c001acfcdfb1f75a2db618eded83f4858fddda1dcea05a,Logistics,Assistant,2025-02-08,,
a3753d335b9c76888e08300e15ff99a99676cd059888ea177cdc4e89d6f777c7,Quality,Assistant,2025-02-10,,
0cfb3a378a3e2e99f34c03546878bf976d5c8958cbebf33a8f4b92941472bdab,Production,Assistant,2025-02-11,,
7aa00681334eca31e27cf17d034020b4a50caf0ccee9e22784b2b7623fa364f0,Quality,Assistant,2025-02-11,,
b2a7423e7da066b13378a5e02d260293866ea520f863e516aa3b32ebc9f13d51,Production,Assistant,2025-02-12,,
0878b429f75df3b36c08958d25c9408dbbab6572401661c6919696c571ecb9e8,Logistics,Assistant,2025-02-14,,
2cc74a7ab08ca9e2695d24c3967aecd57a05e00f3f0ab79fc0cc80e68bffeea6,Production,Assistant,2025-02-17,,
766cafd36ff9024ffb2c67e375262929d4c3e231ad9107cf6133c05c85ef787a,Production,Assistant,2025-02-18,,
ca00bc3cff299f6ce129a76409e081c769ff9f6b15a18dcb556d5d9ed6e3d111,Production,Assistant,2025-02-18,,
ccac0f4617f0df1c26183e38ee4342bc926d2e2a6a848d0bedeaa872cf9b2acb,Production,Assistant,2025-02-19,,
9b27c29e1aced5d4575f6123420e9df2ab999c3b136d13bf46e736fca051ccaf,Production,Assistant,2025-02-20,,
ec9a4c6d1915e76a8b94d9e3174462028999aedd47895d234b45f669d3a330a7,Production,Assistant,2025-02-21,,
ba645f11e9a958090f71aabab0dd7685062fe4d6a5deed401ba6c326b9e28bfa,Production,Assistant,2025-02-22,,
7490506425bbc5b31c1d2e59e3df3aafae4172ae839f1bdd43fdd33da6780912,Maintenance,Technician,2025-02-22,,
8214fc54af4d082923f0ca403ec755980758887f07dc749881ba21507dcddb43,Production,Assistant,2025-02-23,,
8fc5ea46d23f7e35836cc749006e6349ba631b11dfa29e4a80a9074fe97e6673,Maintenance,Technician,2025-02-23,,
c6456c4e03dacd02a09cddd7a5baaaee15e01cdb750dc8cabfe10a7583dbed6f,Production,Assistant,2025-02-25,,
60941f31d53fcdf5e78310dd99c6be8a91f8ba7ee94e3c0925e45804ffc3d3b7,Production,Assistant,2025-02-25,,
8b3b97d4ff1aad966cca158a8c48ec4cb6dfcbe321554d07d245e731ba2f6dd5,Quality,Assistant,2025-02-26,,
dec60b7a39f6093a2312633c7ee06aeaf68686bbd0c70f1b153dc442e6f4339f,Logistics,Assistant,2025-02-27,,
b6a94eda5974d1dfb6dc840ec734423c47218286b11c0d19008fef06ca4b6d45,Production,Operator,2025-03-02,,
afcee40c00929ae7d435e5d7e7dc15e11e76e4f6e4c540da2e7856175472a684,Production,Assistant,2025-03-03,,
030a3d4784190d86006e1aa0d25b43fde38bd6871d516f32ad3a59df1b839199,Production,Assistant,2025-03-03,,
c771ed45fec1bf83011137f94bde1d632043034566a106903870b619bae893d9,Production,Assistant,2025-03-03,,
39c50a96e831c11548e9971b1bf266645abd3aacc32dc5353192437935dd8bde,Production,Assistant,2025-03-11,,
94c770c7ecf83a143ab10bfc51989d4a2d13b2e5ac769dc485c24e5b8f37c5a2,Production,Assistant,2025-03-11,,
cf43cd0f4457e12de53cbf0332d018489f1673c5670b86867ec229c84e6b95e2,Production,Assistant,2025-03-12,,
6bab5a2780814b90eebeed401cbd8bb06ad90c126b4e20f031d21c998539c4bb,Production,Assistant,2025-03-13,,
8af1496ed25ff82c1ab9aec06fc4bb2f43d03f19e62ca2cff513037e4bdd31e4,Human Resources,Apprentice,2025-03-15,,
e3b9ab61f1db80dca26f4a8a3d9309b451b9aee8b5a17566bb08629362767a03,Logistics,Assistant,2025-03-18,,
16f2616d4838abed3223b367c7899257ed0d5e8dce1e497fde8013582794ec4b,Maintenance,Helper,2025-03-19,,
4c38ecd479fc3d6b503143bee581921d1708bf67bf226c026c33de5661c5857a,Production,Assistant,2025-03-23,,
413b9312638c93c5288ac7a9c878b4bb9c3514f96e3a57edb518170383581086,Quality,Assistant,2025-03-23,,
042baba9d3faa63b52e1758992a91de8d9493da4527a0bb5e195c4369d4fde98,Quality,Assistant,2025-03-24,2025-04-05,Layoff
0da91523718af0a3252bba2222d7e68c3d254e97e1c6b740b9b6fd804ecf1e3d,Production,Assistant,2025-03-25,,
7982015eabd0e2a9445b04476dfa558005fbe5fa92a4b22036210dbb9868eceb,Production,Assistant,2025-03-25,,
d3ada8908116313f6905481c4e96a7010c76b6e88c6d6b09b74bffe8505b20c4,Logistics,Assistant,2025-03-28,,
3290597aac0f109e70a9ae9206ff150c31ec68c70f353c88283b1fdc8d527f7b,Production,Assistant,2025-03-28,,
35694f8769e57eebc8dff2bad393faea5fedaf3b2aa42191cc5185458bafd6a1,Production,Assistant,2025-03-31,,
8253c9d62aa64096b584566d8e1d96f76d7234163a69b7032a9094bb3021dd30,Logistics,Assistant,2025-04-01,,
c30c2fc3dd32e98dafbc9ce767d9c1eeab79fada6c0cb0b0504e748cc5e914ad,Production,Assistant,2025-04-01,,
685383cd3d9a1809420af5816a97ad45ddf184cb1f3518c599986b1ad7cfcbd4,Logistics,Assistant,2025-04-03,,
ed512fe72fc66d27fad06422eaea53198b710aea6d1ef1c9eb557e0963e5b518,Quality,Assistant,2025-04-03,,
